the_month,POA_CODE21,solar_kwh_export,nmi_count
2022-07-01,3064,344503.368,1180
2022-07-01,3074,261373.833,1396
2022-07-01,3075,223192.716,1428
2022-07-01,3076,435231.357,2653
2022-07-01,3082,285069.883,2105
2022-07-01,3083,253260.26,1782
2022-07-01,3085,25045.926,228
2022-07-01,3087,65713.982,564
2022-07-01,3088,190799.178,1820
2022-07-01,3089,116560.024,1011
2022-07-01,3090,32548.047,209
2022-07-01,3091,22809.058,184
2022-07-01,3093,25831.705,266
2022-07-01,3094,46765.818,582
2022-07-01,3095,164094.336,2011
2022-07-01,3096,17656.829,165
2022-07-01,3097,17984.024,168
2022-07-01,3099,43820.426,477
2022-07-01,3106,1631.308,16
2022-07-01,3111,13772.224,123
2022-07-01,3113,66673.183,730
2022-07-01,3114,30910.035,318
2022-07-01,3115,38574.091,334
2022-07-01,3116,140384.54,963
2022-07-01,3132,589.364,3
2022-07-01,3133,4860.522,38
2022-07-01,3134,255440.482,2179
2022-07-01,3135,144874.601,1385
2022-07-01,3136,368755.325,3228
2022-07-01,3137,162177.276,1216
2022-07-01,3138,204567.993,1826
2022-07-01,3139,171297.964,1367
2022-07-01,3140,168421.186,1410
2022-07-01,3152,354490.006,2645
2022-07-01,3153,278224.002,1818
2022-07-01,3154,31771.406,348
2022-07-01,3155,186734.971,1749
2022-07-01,3156,405728.724,3487
2022-07-01,3158,33855.015,454
2022-07-01,3159,11828.642,195
2022-07-01,3160,49012.24,613
2022-07-01,3175,1648.216,5
2022-07-01,3178,290089.024,2067
2022-07-01,3179,19430.207,164
2022-07-01,3180,105750.207,761
2022-07-01,3522,290.281,3
2022-07-01,3607,2949.058,24
2022-07-01,3608,92808.473,485
2022-07-01,3612,976.485,9
2022-07-01,3646,188.816,3
2022-07-01,3658,121157.034,820
2022-07-01,3659,20038.422,131
2022-07-01,3660,153655.132,967
2022-07-01,3663,8208.159,37
2022-07-01,3664,34387.742,203
2022-07-01,3665,9070.419,67
2022-07-01,3666,124114.404,825
2022-07-01,3669,31945.453,229
2022-07-01,3670,14413.428,113
2022-07-01,3672,301734.971,1547
2022-07-01,3673,52515.358,319
2022-07-01,3675,70028.953,397
2022-07-01,3677,513110.294,2429
2022-07-01,3678,289042.489,1335
2022-07-01,3682,24737.856,116
2022-07-01,3683,50349.284,300
2022-07-01,3685,161119.362,558
2022-07-01,3687,40197.382,192
2022-07-01,3688,48101.263,248
2022-07-01,3690,1029480.072,4288
2022-07-01,3691,510789.361,1888
2022-07-01,3695,16234.17,80
2022-07-01,3697,18855.591,126
2022-07-01,3698,33512.315,229
2022-07-01,3699,23495.347,140
2022-07-01,3700,49045.003,265
2022-07-01,3701,48298.906,233
2022-07-01,3704,884.652,4
2022-07-01,3705,10207.732,47
2022-07-01,3707,57681.415,340
2022-07-01,3708,2035.002,13
2022-07-01,3709,8058.432,58
2022-07-01,3711,11784.907,106
2022-07-01,3712,10310.492,44
2022-07-01,3713,20238.689,164
2022-07-01,3714,69084.317,539
2022-07-01,3715,9344.249,55
2022-07-01,3717,75133.31,574
2022-07-01,3718,2285.565,13
2022-07-01,3719,12218.163,85
2022-07-01,3720,24658.7,142
2022-07-01,3722,215409.28,982
2022-07-01,3723,97333.534,558
2022-07-01,3725,19741.781,96
2022-07-01,3726,15200.826,90
2022-07-01,3727,8497.732,53
2022-07-01,3728,600.483,3
2022-07-01,3730,1259.724,6
2022-07-01,3732,21532.831,109
2022-07-01,3733,6660.481,42
2022-07-01,3735,21234.859,99
2022-07-01,3737,129036.606,657
2022-07-01,3738,3697.625,32
2022-07-01,3739,5140.076,36
2022-07-01,3740,27930.202,182
2022-07-01,3741,84670.273,551
2022-07-01,3744,15717.519,80
2022-07-01,3746,13167.351,86
2022-07-01,3747,157488.407,892
2022-07-01,3749,80665.848,473
2022-07-01,3750,703313.61,2690
2022-07-01,3751,1905.8200000000002,9
2022-07-01,3752,324482.38,2065
2022-07-01,3753,111763.152,482
2022-07-01,3754,834980.857,4689
2022-07-01,3755,3936.516,24
2022-07-01,3756,280388.281,1652
2022-07-01,3757,130091.808,1020
2022-07-01,3758,32831.25,298
2022-07-01,3759,13695.291,144
2022-07-01,3760,4635.348,48
2022-07-01,3761,15770.078,161
2022-07-01,3762,1612.5720000000001,14
2022-07-01,3763,20493.48,224
2022-07-01,3764,175684.73,1076
2022-07-01,3765,50522.675,530
2022-07-01,3766,5673.051,80
2022-07-01,3767,2319.696,44
2022-07-01,3770,53525.895,372
2022-07-01,3775,61020.718,474
2022-07-01,3777,107709.015,1153
2022-07-01,3778,3129.9120000000003,27
2022-07-01,3779,15926.957,101
2022-07-01,3781,25331.428,336
2022-07-01,3782,59027.65,656
2022-07-01,3783,26666.281,248
2022-07-01,3785,56.408,1
2022-07-01,3786,6129.804,93
2022-07-01,3787,2990.193,45
2022-07-01,3788,5340.376,94
2022-07-01,3789,754.405,14
2022-07-01,3791,9745.435,105
2022-07-01,3792,9387.719,89
2022-07-01,3793,35646.904,341
2022-07-01,3795,31691.147,167
2022-07-01,3796,67636.298,767
2022-07-01,3797,41011.889,378
2022-07-01,3799,50132.273,606
2022-07-01,3802,653.255,6
2022-07-01,3803,124691.505,712
2022-07-01,3804,161696.118,981
2022-07-01,3805,907690.582,5984
2022-07-01,3806,764863.849,5112
2022-07-01,3807,105372.85,757
2022-07-01,3808,38457.78,351
2022-07-01,3809,490559.613,2023
2022-07-01,3810,936921.742,5213
2022-07-01,3812,40347.314,239
2022-07-01,3813,13536.433,101
2022-07-01,3814,47410.478,259
2022-07-01,3815,51553.749,363
2022-07-01,3816,59650.218,344
2022-07-01,3818,314835.79,1951
2022-07-01,3820,317026.463,1961
2022-07-01,3821,68410.294,421
2022-07-01,3822,18453.397,118
2022-07-01,3823,51878.636,321
2022-07-01,3824,95688.174,573
2022-07-01,3825,313025.671,2281
2022-07-01,3831,38808.303,311
2022-07-01,3832,8270.135,47
2022-07-01,3833,4926.509,41
2022-07-01,3835,17011.287,52
2022-07-01,3840,252029.821,1587
2022-07-01,3842,77600.644,496
2022-07-01,3844,980210.465,2977
2022-07-01,3847,47129.291,296
2022-07-01,3850,235294.944,1433
2022-07-01,3851,216326.095,1161
2022-07-01,3852,679.98,3
2022-07-01,3854,30492.805,189
2022-07-01,3856,23672.507,156
2022-07-01,3857,5858.042,56
2022-07-01,3858,92332.746,472
2022-07-01,3859,24288.724000000002,106
2022-07-01,3860,140250.747,913
2022-07-01,3862,83218.232,499
2022-07-01,3864,3682.449,28
2022-07-01,3865,15635.898,91
2022-07-01,3869,40301.971,254
2022-07-01,3870,22294.683,202
2022-07-01,3871,45800.232,394
2022-07-01,3873,9637.051,56
2022-07-01,3874,22417.907,119
2022-07-01,3875,406959.29,2486
2022-07-01,3878,48721.270000000004,263
2022-07-01,3880,123451.168,724
2022-07-01,3882,33111.317,206
2022-07-01,3885,37032.698,288
2022-07-01,3886,9923.405,60
2022-07-01,3887,6817.8330000000005,42
2022-07-01,3888,78058.516,533
2022-07-01,3889,4872.891,32
2022-07-01,3890,4982.004,34
2022-07-01,3891,1243.99,17
2022-07-01,3892,29307.281,242
2022-07-01,3893,804.466,4
2022-07-01,3895,3394.997,23
2022-07-01,3896,7221.469,51
2022-07-01,3898,10398.687,70
2022-07-01,3900,4202.321,23
2022-07-01,3902,10293.823,70
2022-07-01,3903,20325.587,133
2022-07-01,3904,56014.341,346
2022-07-01,3909,198676.808,1292
2022-07-01,3912,224.876,4
2022-07-01,3922,308161.203,1746
2022-07-01,3923,23349.808,159
2022-07-01,3925,140542.469,721
2022-07-01,3945,31490.154000000002,179
2022-07-01,3946,10765.34,54
2022-07-01,3950,86193.703,640
2022-07-01,3951,26476.714,158
2022-07-01,3953,146177.405,978
2022-07-01,3954,8457.088,61
2022-07-01,3956,108194.357,684
2022-07-01,3957,7347.653,51
2022-07-01,3958,4299.699,31
2022-07-01,3959,53509.702,322
2022-07-01,3960,62457.138,494
2022-07-01,3962,18251.907,173
2022-07-01,3964,3430.797,30
2022-07-01,3965,9625.435,50
2022-07-01,3966,15421.562,82
2022-07-01,3967,4773.311,24
2022-07-01,3971,90662.024,591
2022-07-01,3975,398524.542,2390
2022-07-01,3976,368622.957,2466
2022-07-01,3977,2001503.397,10753
2022-07-01,3978,1408157.436,5384
2022-07-01,3979,11125.277,53
2022-07-01,3980,60428.493,459
2022-07-01,3981,120827.813,639
2022-07-01,3984,194993.755,1103
2022-07-01,3987,30441.169,225
2022-07-01,3988,25422.897,176
2022-07-01,3990,2655.979,18
2022-07-01,3991,11684.493,79
2022-07-01,3992,40693.765,219
2022-07-01,3995,280455.753,1750
2022-07-01,3996,184903.626,1143
2022-08-01,3064,438376.841,1215
2022-08-01,3074,331586.949,1408
2022-08-01,3075,287152.401,1453
2022-08-01,3076,565431.176,2721
2022-08-01,3082,369192.122,2107
2022-08-01,3083,327760.754,1801
2022-08-01,3085,33766.199,229
2022-08-01,3087,84890.217,573
2022-08-01,3088,265086.152,1847
2022-08-01,3089,165142.19,1028
2022-08-01,3090,45709.098,214
2022-08-01,3091,31043.881,185
2022-08-01,3093,38182.473,270
2022-08-01,3094,69151.271,586
2022-08-01,3095,244308.551,2038
2022-08-01,3096,24233.324,167
2022-08-01,3097,25297.423,172
2022-08-01,3099,64639.085,481
2022-08-01,3106,2123.089,16
2022-08-01,3111,18367.899,124
2022-08-01,3113,90964.878,747
2022-08-01,3114,38986.736,318
2022-08-01,3115,50974.764,340
2022-08-01,3116,177621.497,975
2022-08-01,3132,794.905,3
2022-08-01,3133,5945.767,40
2022-08-01,3134,311340.896,2213
2022-08-01,3135,186413.155,1399
2022-08-01,3136,459647.854,3258
2022-08-01,3137,208353.651,1227
2022-08-01,3138,264315.305,1840
2022-08-01,3139,212141.711,1382
2022-08-01,3140,223077.05299999999,1435
2022-08-01,3152,441548.457,2671
2022-08-01,3153,358762.093,1837
2022-08-01,3154,40110.342,351
2022-08-01,3155,240492.353,1768
2022-08-01,3156,518790.06799999997,3510
2022-08-01,3158,46580.508,462
2022-08-01,3159,16107.757,195
2022-08-01,3160,63463.167,618
2022-08-01,3175,2300.184,5
2022-08-01,3178,370680.455,2086
2022-08-01,3179,25124.754,167
2022-08-01,3180,135068.919,770
2022-08-01,3522,336.74600000000004,3
2022-08-01,3607,7973.848,24
2022-08-01,3608,119517.712,487
2022-08-01,3612,1320.507,9
2022-08-01,3646,195.871,3
2022-08-01,3658,138591.061,832
2022-08-01,3659,25148.989999999998,132
2022-08-01,3660,189984.65,970
2022-08-01,3663,10638.854,37
2022-08-01,3664,39930.066,203
2022-08-01,3665,11720.880000000001,68
2022-08-01,3666,146868.455,832
2022-08-01,3669,35664.866,230
2022-08-01,3670,14945.774,112
2022-08-01,3672,313653.021,1560
2022-08-01,3673,53379.742,320
2022-08-01,3675,72085.701,397
2022-08-01,3677,553479.17,2462
2022-08-01,3678,302360.267,1340
2022-08-01,3682,24827.522,116
2022-08-01,3683,53319.171,306
2022-08-01,3685,157180.727,558
2022-08-01,3687,37757.337,193
2022-08-01,3688,48842.659,251
2022-08-01,3690,1017890.476,4335
2022-08-01,3691,488530.957,1915
2022-08-01,3695,15238.789,81
2022-08-01,3697,19588.797,126
2022-08-01,3698,34341.784,229
2022-08-01,3699,25336.221,145
2022-08-01,3700,51993.157,266
2022-08-01,3701,49142.079,237
2022-08-01,3704,767.089,4
2022-08-01,3705,11078.91,48
2022-08-01,3707,61448.09,342
2022-08-01,3708,2428.436,13
2022-08-01,3709,8660.64,57
2022-08-01,3711,14630.075,106
2022-08-01,3712,12609.388,44
2022-08-01,3713,25988.849000000002,165
2022-08-01,3714,86283.576,543
2022-08-01,3715,10828.057,56
2022-08-01,3717,90512.791,580
2022-08-01,3718,3285.931,14
2022-08-01,3719,15276.245,86
2022-08-01,3720,31100.586,147
2022-08-01,3722,250599.349,996
2022-08-01,3723,107161.557,560
2022-08-01,3725,21107.491,101
2022-08-01,3726,16902.426,89
2022-08-01,3727,9401.066,53
2022-08-01,3728,591.2379999999999,3
2022-08-01,3730,1183.526,6
2022-08-01,3732,22297.321,112
2022-08-01,3733,7286.865,42
2022-08-01,3735,22532.510000000002,101
2022-08-01,3737,131909.139,664
2022-08-01,3738,4060.185,32
2022-08-01,3739,6355.516,37
2022-08-01,3740,30802.569,183
2022-08-01,3741,93046.782,561
2022-08-01,3744,15098.445,80
2022-08-01,3746,14355.923,87
2022-08-01,3747,139566.599,900
2022-08-01,3749,79982.772,474
2022-08-01,3750,871584.223,2743
2022-08-01,3751,2221.438,9
2022-08-01,3752,420408.237,2083
2022-08-01,3753,142594.451,489
2022-08-01,3754,1107746.937,4777
2022-08-01,3755,5359.871,24
2022-08-01,3756,363307.181,1670
2022-08-01,3757,179526.364,1029
2022-08-01,3758,41574.673,296
2022-08-01,3759,20868.823,144
2022-08-01,3760,6520.258,48
2022-08-01,3761,21502.691,165
2022-08-01,3762,1860.877,14
2022-08-01,3763,27865.763,228
2022-08-01,3764,194100.174,1078
2022-08-01,3765,63820.69,536
2022-08-01,3766,7742.05,82
2022-08-01,3767,3295.549,47
2022-08-01,3770,73263.258,376
2022-08-01,3775,83887.25,481
2022-08-01,3777,147293.084,1166
2022-08-01,3778,3955.333,29
2022-08-01,3779,19408.871,104
2022-08-01,3781,30118.521,339
2022-08-01,3782,70146.358,664
2022-08-01,3783,31041.822,251
2022-08-01,3785,202.748,1
2022-08-01,3786,7358.014,92
2022-08-01,3787,3611.936,45
2022-08-01,3788,7126.14,95
2022-08-01,3789,987.406,14
2022-08-01,3791,12010.18,105
2022-08-01,3792,10940.837,89
2022-08-01,3793,44673.574,342
2022-08-01,3795,34182.809,169
2022-08-01,3796,89751.942,776
2022-08-01,3797,57200.342,381
2022-08-01,3799,73344.0,614
2022-08-01,3802,776.972,6
2022-08-01,3803,147147.377,720
2022-08-01,3804,199050.837,986
2022-08-01,3805,1084096.316,6041
2022-08-01,3806,1004179.063,5159
2022-08-01,3807,137873.853,768
2022-08-01,3808,49377.416,357
2022-08-01,3809,622710.088,2066
2022-08-01,3810,1201247.619,5284
2022-08-01,3812,51026.262,244
2022-08-01,3813,18174.201,104
2022-08-01,3814,62016.932,262
2022-08-01,3815,67668.317,370
2022-08-01,3816,82344.105,354
2022-08-01,3818,381482.654,1978
2022-08-01,3820,395496.662,1978
2022-08-01,3821,86756.69,426
2022-08-01,3822,22217.265,118
2022-08-01,3823,67908.479,323
2022-08-01,3824,132764.951,584
2022-08-01,3825,430826.796,2304
2022-08-01,3831,50651.438,317
2022-08-01,3832,10052.095000000001,47
2022-08-01,3833,6939.518,41
2022-08-01,3835,19164.311,52
2022-08-01,3840,353382.232,1601
2022-08-01,3842,101262.302,503
2022-08-01,3844,1118994.291,3017
2022-08-01,3847,64617.225,296
2022-08-01,3850,337076.254,1458
2022-08-01,3851,292166.113,1172
2022-08-01,3852,1014.34,3
2022-08-01,3854,43913.508,188
2022-08-01,3856,34345.256,161
2022-08-01,3857,8870.236,58
2022-08-01,3858,128586.066,475
2022-08-01,3859,33988.35,107
2022-08-01,3860,204640.019,925
2022-08-01,3862,119477.069,501
2022-08-01,3864,6029.214,29
2022-08-01,3865,23940.472,90
2022-08-01,3869,54095.056,261
2022-08-01,3870,29433.757,204
2022-08-01,3871,59048.026,398
2022-08-01,3873,11869.922,54
2022-08-01,3874,27414.601,124
2022-08-01,3875,630578.526,2502
2022-08-01,3878,73273.773,266
2022-08-01,3880,188613.969,736
2022-08-01,3882,52770.77,208
2022-08-01,3885,59634.782,289
2022-08-01,3886,16745.444,60
2022-08-01,3887,10715.898,42
2022-08-01,3888,132068.434,536
2022-08-01,3889,7860.765,32
2022-08-01,3890,9213.158,36
2022-08-01,3891,2250.7870000000003,17
2022-08-01,3892,47773.359,245
2022-08-01,3893,1258.406,4
2022-08-01,3895,5031.732,23
2022-08-01,3896,11601.585,52
2022-08-01,3898,13293.849,70
2022-08-01,3900,5303.051,23
2022-08-01,3902,15851.12,70
2022-08-01,3903,30879.383,135
2022-08-01,3904,88261.693,352
2022-08-01,3909,294170.217,1302
2022-08-01,3912,289.14500000000004,6
2022-08-01,3922,387729.516,1770
2022-08-01,3923,31111.457,165
2022-08-01,3925,181878.963,734
2022-08-01,3945,36899.346,181
2022-08-01,3946,12138.491,54
2022-08-01,3950,107234.082,650
2022-08-01,3951,31604.538,161
2022-08-01,3953,190880.596,985
2022-08-01,3954,11363.379,62
2022-08-01,3956,140644.396,691
2022-08-01,3957,9622.159,51
2022-08-01,3958,5744.523,31
2022-08-01,3959,66906.468,320
2022-08-01,3960,81718.056,497
2022-08-01,3962,26036.923,173
2022-08-01,3964,4488.268,29
2022-08-01,3965,13200.985,51
2022-08-01,3966,21324.153,85
2022-08-01,3967,6396.963,24
2022-08-01,3971,125276.638,599
2022-08-01,3975,482024.386,2406
2022-08-01,3976,445009.797,2493
2022-08-01,3977,2444672.438,10855
2022-08-01,3978,1754572.5,5470
2022-08-01,3979,12475.258,53
2022-08-01,3980,79290.528,462
2022-08-01,3981,153782.375,645
2022-08-01,3984,251117.495,1120
2022-08-01,3987,35960.281,225
2022-08-01,3988,29242.506999999998,176
2022-08-01,3990,3058.016,18
2022-08-01,3991,14180.013,77
2022-08-01,3992,50839.918,219
2022-08-01,3995,367991.151,1777
2022-08-01,3996,240670.544,1151
2022-09-01,3064,529573.446,1243
2022-09-01,3074,430959.962,1407
2022-09-01,3075,347849.079,1452
2022-09-01,3076,705694.917,2715
2022-09-01,3082,422112.76900000003,2078
2022-09-01,3083,399532.422,1794
2022-09-01,3085,43721.898,231
2022-09-01,3087,107967.452,570
2022-09-01,3088,347128.012,1860
2022-09-01,3089,209113.303,1036
2022-09-01,3090,59216.16,212
2022-09-01,3091,41540.082,185
2022-09-01,3093,50721.147,273
2022-09-01,3094,93857.196,588
2022-09-01,3095,335023.436,2042
2022-09-01,3096,31014.602,166
2022-09-01,3097,33722.617,175
2022-09-01,3099,87122.064,483
2022-09-01,3106,2759.134,16
2022-09-01,3111,27154.291,123
2022-09-01,3113,126234.009,756
2022-09-01,3114,56075.234,319
2022-09-01,3115,70908.141,341
2022-09-01,3116,238757.955,986
2022-09-01,3132,1092.975,3
2022-09-01,3133,7727.7210000000005,40
2022-09-01,3134,414470.437,2228
2022-09-01,3135,257870.205,1408
2022-09-01,3136,659031.072,3271
2022-09-01,3137,306707.76,1225
2022-09-01,3138,374641.124,1856
2022-09-01,3139,304439.22,1391
2022-09-01,3140,300597.049,1437
2022-09-01,3152,601430.597,2677
2022-09-01,3153,529449.894,1838
2022-09-01,3154,61983.248,350
2022-09-01,3155,356720.637,1774
2022-09-01,3156,772587.71,3527
2022-09-01,3158,78828.036,466
2022-09-01,3159,27707.151,195
2022-09-01,3160,101754.963,629
2022-09-01,3175,3310.141,5
2022-09-01,3178,530829.508,2091
2022-09-01,3179,35537.037,169
2022-09-01,3180,195870.695,775
2022-09-01,3522,451.034,3
2022-09-01,3607,12167.176,24
2022-09-01,3608,154551.619,489
2022-09-01,3612,1693.857,9
2022-09-01,3646,352.108,3
2022-09-01,3658,182435.725,837
2022-09-01,3659,35235.291,132
2022-09-01,3660,257621.42,978
2022-09-01,3663,15052.364,37
2022-09-01,3664,54942.436,200
2022-09-01,3665,16864.612,67
2022-09-01,3666,214391.022,833
2022-09-01,3669,54918.495,238
2022-09-01,3670,23347.02,114
2022-09-01,3672,484993.485,1569
2022-09-01,3673,83540.149,317
2022-09-01,3675,109051.893,394
2022-09-01,3677,789404.291,2478
2022-09-01,3678,437132.185,1345
2022-09-01,3682,34530.427,116
2022-09-01,3683,77421.252,314
2022-09-01,3685,216256.816,552
2022-09-01,3687,53412.665,196
2022-09-01,3688,69799.892,252
2022-09-01,3690,1485762.666,4350
2022-09-01,3691,705824.668,1919
2022-09-01,3695,20624.411,79
2022-09-01,3697,29581.636,126
2022-09-01,3698,53703.08,229
2022-09-01,3699,37723.596,144
2022-09-01,3700,75741.849,267
2022-09-01,3701,71328.552,237
2022-09-01,3704,951.432,4
2022-09-01,3705,15758.264,49
2022-09-01,3707,90879.591,343
2022-09-01,3708,3549.553,13
2022-09-01,3709,12911.595,57
2022-09-01,3711,21045.591,109
2022-09-01,3712,19233.297,44
2022-09-01,3713,37070.16,165
2022-09-01,3714,120540.268,548
2022-09-01,3715,14787.958,55
2022-09-01,3717,127902.522,582
2022-09-01,3718,4401.718,14
2022-09-01,3719,21592.244,87
2022-09-01,3720,45654.479,150
2022-09-01,3722,342128.165,1001
2022-09-01,3723,153212.169,562
2022-09-01,3725,29927.349000000002,102
2022-09-01,3726,24283.1,90
2022-09-01,3727,14233.497,54
2022-09-01,3728,903.724,3
2022-09-01,3730,1663.927,6
2022-09-01,3732,32923.075,112
2022-09-01,3733,12687.684000000001,42
2022-09-01,3735,31768.452,99
2022-09-01,3737,198429.435,664
2022-09-01,3738,7495.159,32
2022-09-01,3739,10084.366,37
2022-09-01,3740,44493.09,183
2022-09-01,3741,140159.204,563
2022-09-01,3744,20855.906000000003,79
2022-09-01,3746,20167.92,88
2022-09-01,3747,217364.746,901
2022-09-01,3749,122803.732,476
2022-09-01,3750,1045574.054,2757
2022-09-01,3751,2406.5080000000003,9
2022-09-01,3752,505386.05,2085
2022-09-01,3753,164775.828,496
2022-09-01,3754,1314425.261,4783
2022-09-01,3755,6134.367,24
2022-09-01,3756,423245.002,1683
2022-09-01,3757,216882.38,1027
2022-09-01,3758,53240.341,299
2022-09-01,3759,27570.792,145
2022-09-01,3760,8389.75,48
2022-09-01,3761,28449.251,167
2022-09-01,3762,2354.585,15
2022-09-01,3763,39701.554,228
2022-09-01,3764,249452.594,1086
2022-09-01,3765,93952.604,536
2022-09-01,3766,13905.097,83
2022-09-01,3767,6309.83,48
2022-09-01,3770,99512.034,379
2022-09-01,3775,108926.299,484
2022-09-01,3777,204890.529,1172
2022-09-01,3778,5134.509,29
2022-09-01,3779,26181.356,105
2022-09-01,3781,49126.599,339
2022-09-01,3782,110592.838,672
2022-09-01,3783,45853.444,252
2022-09-01,3785,381.567,1
2022-09-01,3786,14199.145,94
2022-09-01,3787,6280.305,45
2022-09-01,3788,13503.815,96
2022-09-01,3789,1668.772,14
2022-09-01,3791,21259.809,106
2022-09-01,3792,18701.990999999998,91
2022-09-01,3793,70573.696,345
2022-09-01,3795,52107.305,168
2022-09-01,3796,133440.196,782
2022-09-01,3797,75512.223,384
2022-09-01,3799,101584.233,619
2022-09-01,3802,1361.8690000000001,6
2022-09-01,3803,210994.98,722
2022-09-01,3804,285359.383,990
2022-09-01,3805,1572502.138,6061
2022-09-01,3806,1346916.981,5182
2022-09-01,3807,181751.391,770
2022-09-01,3808,72699.344,356
2022-09-01,3809,765794.457,2084
2022-09-01,3810,1401297.853,5295
2022-09-01,3812,63313.644,245
2022-09-01,3813,23356.605,103
2022-09-01,3814,76323.78600000001,264
2022-09-01,3815,83799.735,377
2022-09-01,3816,93224.775,357
2022-09-01,3818,490326.232,1989
2022-09-01,3820,508373.241,1990
2022-09-01,3821,106071.544,426
2022-09-01,3822,27451.422,119
2022-09-01,3823,75092.466,328
2022-09-01,3824,145203.443,581
2022-09-01,3825,490786.012,2315
2022-09-01,3831,60564.121,320
2022-09-01,3832,12212.839,46
2022-09-01,3833,9056.767,41
2022-09-01,3835,21968.612999999998,52
2022-09-01,3840,434821.169,1609
2022-09-01,3842,127946.125,508
2022-09-01,3844,1206233.052,3019
2022-09-01,3847,77954.949,294
2022-09-01,3850,444933.946,1469
2022-09-01,3851,363411.092,1171
2022-09-01,3852,1325.984,3
2022-09-01,3854,46453.301,189
2022-09-01,3856,39676.034,163
2022-09-01,3857,11182.471,60
2022-09-01,3858,145342.956,475
2022-09-01,3859,37578.949,107
2022-09-01,3860,241475.97,923
2022-09-01,3862,146992.569,504
2022-09-01,3864,7125.804,28
2022-09-01,3865,28835.261,91
2022-09-01,3869,67900.267,263
2022-09-01,3870,37094.02,204
2022-09-01,3871,80841.595,402
2022-09-01,3873,14244.095000000001,55
2022-09-01,3874,35037.965,124
2022-09-01,3875,808625.006,2513
2022-09-01,3878,90046.573,263
2022-09-01,3880,241753.269,740
2022-09-01,3882,65635.364,213
2022-09-01,3885,71023.654,290
2022-09-01,3886,22090.051,61
2022-09-01,3887,12452.721,42
2022-09-01,3888,158966.24599999998,533
2022-09-01,3889,10048.858,32
2022-09-01,3890,11897.892,36
2022-09-01,3891,2957.54,17
2022-09-01,3892,61003.253,247
2022-09-01,3893,1315.917,4
2022-09-01,3895,6202.45,23
2022-09-01,3896,13654.314,52
2022-09-01,3898,16884.531,70
2022-09-01,3900,6002.713,23
2022-09-01,3902,20373.925,69
2022-09-01,3903,37857.952,134
2022-09-01,3904,117194.615,354
2022-09-01,3909,398955.679,1304
2022-09-01,3912,628.01,6
2022-09-01,3922,574327.737,1777
2022-09-01,3923,47831.606,165
2022-09-01,3925,261597.338,728
2022-09-01,3945,51797.337,183
2022-09-01,3946,15854.611,54
2022-09-01,3950,148844.6,656
2022-09-01,3951,43717.636,164
2022-09-01,3953,256955.156,994
2022-09-01,3954,14251.0,62
2022-09-01,3956,193497.046,695
2022-09-01,3957,12666.723,51
2022-09-01,3958,7813.837,32
2022-09-01,3959,93844.878,319
2022-09-01,3960,109072.969,499
2022-09-01,3962,32068.726,173
2022-09-01,3964,5721.185,30
2022-09-01,3965,15916.488,51
2022-09-01,3966,25612.196,84
2022-09-01,3967,8301.44,24
2022-09-01,3971,160349.204,601
2022-09-01,3975,686964.488,2413
2022-09-01,3976,641924.35,2494
2022-09-01,3977,3240167.266,10878
2022-09-01,3978,2180017.753,5513
2022-09-01,3979,17695.434,53
2022-09-01,3980,102180.528,466
2022-09-01,3981,189007.977,651
2022-09-01,3984,328989.474,1127
2022-09-01,3987,50537.854,226
2022-09-01,3988,37653.096,175
2022-09-01,3990,4654.801,18
2022-09-01,3991,19907.316,77
2022-09-01,3992,69864.558,224
2022-09-01,3995,529840.835,1793
2022-09-01,3996,336535.891,1156
2022-10-01,3064,756143.033,1270
2022-10-01,3074,618820.078,1396
2022-10-01,3075,477743.429,1411
2022-10-01,3076,1008900.107,2678
2022-10-01,3082,594872.64,2040
2022-10-01,3083,584144.546,1787
2022-10-01,3085,67893.153,232
2022-10-01,3087,159110.816,574
2022-10-01,3088,533774.384,1877
2022-10-01,3089,314275.357,1041
2022-10-01,3090,91704.098,214
2022-10-01,3091,64528.994,190
2022-10-01,3093,80724.163,274
2022-10-01,3094,147380.532,596
2022-10-01,3095,537125.922,2059
2022-10-01,3096,46185.856,168
2022-10-01,3097,52299.621,175
2022-10-01,3099,131403.041,485
2022-10-01,3106,4509.737,16
2022-10-01,3111,44452.832,125
2022-10-01,3113,202673.285,761
2022-10-01,3114,90382.5,318
2022-10-01,3115,107691.115,343
2022-10-01,3116,342007.486,990
2022-10-01,3132,1806.4360000000001,3
2022-10-01,3133,12065.057,41
2022-10-01,3134,675609.428,2242
2022-10-01,3135,398736.829,1421
2022-10-01,3136,978418.164,3293
2022-10-01,3137,464823.743,1234
2022-10-01,3138,555943.154,1865
2022-10-01,3139,454085.359,1405
2022-10-01,3140,467372.928,1446
2022-10-01,3152,864958.435,2696
2022-10-01,3153,798177.094,1852
2022-10-01,3154,91286.392,357
2022-10-01,3155,517075.292,1791
2022-10-01,3156,1106923.931,3553
2022-10-01,3158,123709.115,469
2022-10-01,3159,42930.954,196
2022-10-01,3160,153838.329,631
2022-10-01,3175,5587.7,5
2022-10-01,3178,730925.344,2101
2022-10-01,3179,49344.418,170
2022-10-01,3180,284954.99,785
2022-10-01,3522,671.996,3
2022-10-01,3607,15647.373,24
2022-10-01,3608,181073.89,492
2022-10-01,3612,1945.311,9
2022-10-01,3646,387.43,3
2022-10-01,3658,263578.091,842
2022-10-01,3659,44353.570999999996,132
2022-10-01,3660,329133.719,982
2022-10-01,3663,17528.111,37
2022-10-01,3664,67250.572,201
2022-10-01,3665,18750.205,67
2022-10-01,3666,240880.03,835
2022-10-01,3669,58408.182,239
2022-10-01,3670,25722.442,114
2022-10-01,3672,514940.132,1581
2022-10-01,3673,91132.588,327
2022-10-01,3675,116064.009,397
2022-10-01,3677,878474.592,2487
2022-10-01,3678,476084.561,1354
2022-10-01,3682,38890.931,116
2022-10-01,3683,91242.921,316
2022-10-01,3685,245866.1,558
2022-10-01,3687,60164.557,197
2022-10-01,3688,81391.077,251
2022-10-01,3690,1707541.622,4382
2022-10-01,3691,784028.413,1928
2022-10-01,3695,23266.446,80
2022-10-01,3697,32864.008,127
2022-10-01,3698,55747.0,228
2022-10-01,3699,44148.909,146
2022-10-01,3700,88280.067,265
2022-10-01,3701,75414.187,238
2022-10-01,3704,941.9760000000001,3
2022-10-01,3705,17130.778,49
2022-10-01,3707,104508.505,343
2022-10-01,3708,4050.567,13
2022-10-01,3709,15495.311,59
2022-10-01,3711,28976.757,110
2022-10-01,3712,24149.669,44
2022-10-01,3713,46622.985,166
2022-10-01,3714,149708.902,551
2022-10-01,3715,17550.982,57
2022-10-01,3717,169216.156,586
2022-10-01,3718,5755.973,14
2022-10-01,3719,25312.529,87
2022-10-01,3720,53902.695999999996,151
2022-10-01,3722,397674.908,1010
2022-10-01,3723,181054.431,570
2022-10-01,3725,31908.596999999998,101
2022-10-01,3726,26686.896,90
2022-10-01,3727,15509.226,55
2022-10-01,3728,1185.042,3
2022-10-01,3730,1895.399,6
2022-10-01,3732,36137.067,113
2022-10-01,3733,14215.554,43
2022-10-01,3735,34158.945,100
2022-10-01,3737,219609.46,670
2022-10-01,3738,8770.225,32
2022-10-01,3739,11232.452,37
2022-10-01,3740,51297.056,184
2022-10-01,3741,161987.74,568
2022-10-01,3744,22495.829999999998,79
2022-10-01,3746,22996.084,87
2022-10-01,3747,249383.713,910
2022-10-01,3749,140515.085,484
2022-10-01,3750,1461303.826,2778
2022-10-01,3751,3344.82,9
2022-10-01,3752,735955.579,2091
2022-10-01,3753,237771.479,501
2022-10-01,3754,1853924.558,4786
2022-10-01,3755,8562.562,24
2022-10-01,3756,616639.058,1694
2022-10-01,3757,310852.765,1032
2022-10-01,3758,81207.3,301
2022-10-01,3759,41649.548,145
2022-10-01,3760,12195.362,50
2022-10-01,3761,41589.635,167
2022-10-01,3762,3507.098,15
2022-10-01,3763,56065.942,229
2022-10-01,3764,362445.225,1098
2022-10-01,3765,140832.901,541
2022-10-01,3766,20546.137,84
2022-10-01,3767,9764.026,49
2022-10-01,3770,138863.492,380
2022-10-01,3775,159499.384,484
2022-10-01,3777,306393.93,1174
2022-10-01,3778,7936.366,29
2022-10-01,3779,37254.424,108
2022-10-01,3781,77891.749,339
2022-10-01,3782,167859.502,672
2022-10-01,3783,70493.597,255
2022-10-01,3785,459.308,1
2022-10-01,3786,21534.301,94
2022-10-01,3787,10268.85,46
2022-10-01,3788,20622.206,96
2022-10-01,3789,2404.5879999999997,13
2022-10-01,3791,30116.498,107
2022-10-01,3792,25263.717,90
2022-10-01,3793,104642.014,347
2022-10-01,3795,69824.802,168
2022-10-01,3796,201500.478,790
2022-10-01,3797,115195.363,389
2022-10-01,3799,165807.069,627
2022-10-01,3802,1712.374,6
2022-10-01,3803,297163.501,725
2022-10-01,3804,388490.568,994
2022-10-01,3805,2062085.647,6093
2022-10-01,3806,1823871.823,5205
2022-10-01,3807,255352.98,778
2022-10-01,3808,106769.286,361
2022-10-01,3809,1083199.971,2112
2022-10-01,3810,2036492.421,5334
2022-10-01,3812,95636.107,251
2022-10-01,3813,33686.469,106
2022-10-01,3814,108774.43,266
2022-10-01,3815,128251.069,378
2022-10-01,3816,160621.571,362
2022-10-01,3818,731963.167,2005
2022-10-01,3820,756542.222,2007
2022-10-01,3821,158782.59100000001,429
2022-10-01,3822,41432.892,119
2022-10-01,3823,114277.835,329
2022-10-01,3824,205358.504,590
2022-10-01,3825,727365.133,2332
2022-10-01,3831,97232.123,322
2022-10-01,3832,18847.769,46
2022-10-01,3833,15244.525,41
2022-10-01,3835,28962.972999999998,53
2022-10-01,3840,606951.134,1622
2022-10-01,3842,170866.05,512
2022-10-01,3844,1575054.1469999999,3046
2022-10-01,3847,103539.032,301
2022-10-01,3850,545748.842,1476
2022-10-01,3851,424849.838,1177
2022-10-01,3852,1477.861,3
2022-10-01,3854,65727.439,190
2022-10-01,3856,52928.453,165
2022-10-01,3857,15260.192000000001,60
2022-10-01,3858,178052.302,476
2022-10-01,3859,48261.669,107
2022-10-01,3860,314103.063,934
2022-10-01,3862,182610.056,506
2022-10-01,3864,8377.546,29
2022-10-01,3865,34105.832,91
2022-10-01,3869,94706.639,264
2022-10-01,3870,53837.01,206
2022-10-01,3871,119250.817,402
2022-10-01,3873,18759.657,54
2022-10-01,3874,39843.771,123
2022-10-01,3875,954079.233,2546
2022-10-01,3878,97889.933,264
2022-10-01,3880,259154.416,743
2022-10-01,3882,79638.435,215
2022-10-01,3885,86499.048,287
2022-10-01,3886,28037.212,61
2022-10-01,3887,15166.265,42
2022-10-01,3888,188765.562,535
2022-10-01,3889,11228.821,32
2022-10-01,3890,13931.773,36
2022-10-01,3891,3306.263,17
2022-10-01,3892,68121.409,248
2022-10-01,3893,1795.373,4
2022-10-01,3895,7851.686,23
2022-10-01,3896,17547.911,54
2022-10-01,3898,24518.922,71
2022-10-01,3900,8161.568,23
2022-10-01,3902,24582.357,70
2022-10-01,3903,45961.858,134
2022-10-01,3904,131825.172,353
2022-10-01,3909,446945.185,1312
2022-10-01,3912,926.552,5
2022-10-01,3922,738479.547,1794
2022-10-01,3923,60815.714,165
2022-10-01,3925,340194.75800000003,743
2022-10-01,3945,72975.244,185
2022-10-01,3946,23156.763,56
2022-10-01,3950,216861.716,664
2022-10-01,3951,59584.512,163
2022-10-01,3953,358569.451,994
2022-10-01,3954,19693.242,62
2022-10-01,3956,257376.07,700
2022-10-01,3957,17388.398,51
2022-10-01,3958,10784.35,31
2022-10-01,3959,116108.891,323
2022-10-01,3960,149495.108,503
2022-10-01,3962,42501.35,172
2022-10-01,3964,7572.0689999999995,30
2022-10-01,3965,20449.818,53
2022-10-01,3966,32735.831,86
2022-10-01,3967,9957.514,24
2022-10-01,3971,190785.54,602
2022-10-01,3975,892795.504,2417
2022-10-01,3976,825444.419,2506
2022-10-01,3977,4326500.813,10948
2022-10-01,3978,2974253.793,5578
2022-10-01,3979,24150.037,53
2022-10-01,3980,148857.768,470
2022-10-01,3981,271028.137,655
2022-10-01,3984,472053.504,1137
2022-10-01,3987,71567.959,227
2022-10-01,3988,55179.148,173
2022-10-01,3990,6292.323,18
2022-10-01,3991,27775.315,78
2022-10-01,3992,94973.274,224
2022-10-01,3995,709826.071,1810
2022-10-01,3996,444189.74199999997,1173
2022-11-01,3064,897694.923,1288
2022-11-01,3074,671282.804,1392
2022-11-01,3075,513879.394,1383
2022-11-01,3076,1102041.569,2630
2022-11-01,3082,685944.113,2098
2022-11-01,3083,642249.142,1778
2022-11-01,3085,75244.519,234
2022-11-01,3087,179962.531,583
2022-11-01,3088,593427.539,1883
2022-11-01,3089,350734.141,1047
2022-11-01,3090,99268.392,215
2022-11-01,3091,72485.496,191
2022-11-01,3093,87117.278,276
2022-11-01,3094,165452.302,596
2022-11-01,3095,599544.357,2074
2022-11-01,3096,50413.557,171
2022-11-01,3097,57391.139,177
2022-11-01,3099,144700.823,487
2022-11-01,3106,4418.319,16
2022-11-01,3111,47713.304,125
2022-11-01,3113,216564.598,764
2022-11-01,3114,94551.942,322
2022-11-01,3115,112168.908,347
2022-11-01,3116,364255.898,1008
2022-11-01,3132,1915.8319999999999,3
2022-11-01,3133,12576.549,42
2022-11-01,3134,722114.903,2259
2022-11-01,3135,421655.72,1440
2022-11-01,3136,972464.958,3330
2022-11-01,3137,472157.262,1246
2022-11-01,3138,531921.082,1881
2022-11-01,3139,483450.872,1413
2022-11-01,3140,484332.456,1462
2022-11-01,3152,912767.695,2712
2022-11-01,3153,826958.083,1859
2022-11-01,3154,94192.853,359
2022-11-01,3155,544100.893,1796
2022-11-01,3156,1135072.145,3568
2022-11-01,3158,123086.151,470
2022-11-01,3159,44302.479999999996,195
2022-11-01,3160,158507.425,636
2022-11-01,3175,5725.184,7
2022-11-01,3178,753026.098,2110
2022-11-01,3179,53257.159,170
2022-11-01,3180,296074.431,789
2022-11-01,3522,770.248,3
2022-11-01,3607,14036.848,24
2022-11-01,3608,242713.016,493
2022-11-01,3612,2567.596,9
2022-11-01,3646,693.843,3
2022-11-01,3658,331474.665,844
2022-11-01,3659,55790.358,132
2022-11-01,3660,417969.983,983
2022-11-01,3663,30146.638,38
2022-11-01,3664,88810.366,204
2022-11-01,3665,26171.508,68
2022-11-01,3666,337938.36,833
2022-11-01,3669,83970.025,242
2022-11-01,3670,37671.772,115
2022-11-01,3672,734191.664,1594
2022-11-01,3673,132234.712,323
2022-11-01,3675,167267.254,397
2022-11-01,3677,1300577.974,2507
2022-11-01,3678,661901.526,1349
2022-11-01,3682,51262.703,117
2022-11-01,3683,126813.51,317
2022-11-01,3685,313495.498,559
2022-11-01,3687,82364.232,199
2022-11-01,3688,113217.492,253
2022-11-01,3690,2418276.256,4408
2022-11-01,3691,1128037.96,1945
2022-11-01,3695,32359.554,81
2022-11-01,3697,48121.07,126
2022-11-01,3698,86440.643,232
2022-11-01,3699,63118.098,147
2022-11-01,3700,120337.747,265
2022-11-01,3701,108725.574,237
2022-11-01,3704,1083.397,3
2022-11-01,3705,22466.215,47
2022-11-01,3707,139324.684,341
2022-11-01,3708,5464.392,13
2022-11-01,3709,22205.731,56
2022-11-01,3711,36769.479,109
2022-11-01,3712,29501.881,46
2022-11-01,3713,69202.976,168
2022-11-01,3714,201508.309,553
2022-11-01,3715,22816.546,57
2022-11-01,3717,213520.717,587
2022-11-01,3718,6364.414,14
2022-11-01,3719,30241.170000000002,87
2022-11-01,3720,75663.545,150
2022-11-01,3722,562596.147,1012
2022-11-01,3723,253127.199,571
2022-11-01,3725,44146.774,103
2022-11-01,3726,36535.986,89
2022-11-01,3727,20529.204,54
2022-11-01,3728,1321.029,3
2022-11-01,3730,2528.6589999999997,6
2022-11-01,3732,51858.835,112
2022-11-01,3733,21527.663,43
2022-11-01,3735,49906.206,100
2022-11-01,3737,315151.769,668
2022-11-01,3738,12787.749,32
2022-11-01,3739,18002.082,36
2022-11-01,3740,77203.771,186
2022-11-01,3741,234650.916,573
2022-11-01,3744,31168.596,80
2022-11-01,3746,31360.017,88
2022-11-01,3747,352681.549,918
2022-11-01,3749,204409.164,483
2022-11-01,3750,1657456.841,2813
2022-11-01,3751,3525.96,9
2022-11-01,3752,786367.294,2089
2022-11-01,3753,289032.197,504
2022-11-01,3754,2067157.278,4785
2022-11-01,3755,9538.796,24
2022-11-01,3756,718896.456,1703
2022-11-01,3757,352530.833,1038
2022-11-01,3758,100793.125,301
2022-11-01,3759,48910.634,147
2022-11-01,3760,13491.855,50
2022-11-01,3761,45421.961,168
2022-11-01,3762,4486.686000000001,15
2022-11-01,3763,67411.338,226
2022-11-01,3764,459143.502,1105
2022-11-01,3765,143820.31,546
2022-11-01,3766,21967.9,86
2022-11-01,3767,10785.886,50
2022-11-01,3770,144238.813,380
2022-11-01,3775,170975.449,491
2022-11-01,3777,322196.262,1180
2022-11-01,3778,9528.326000000001,29
2022-11-01,3779,46972.155,110
2022-11-01,3781,88034.941,347
2022-11-01,3782,178866.228,673
2022-11-01,3783,80044.977,258
2022-11-01,3785,429.319,1
2022-11-01,3786,23133.748,95
2022-11-01,3787,11226.539,46
2022-11-01,3788,20768.207,95
2022-11-01,3789,2433.1459999999997,13
2022-11-01,3791,31897.06,107
2022-11-01,3792,27767.048,90
2022-11-01,3793,110173.526,348
2022-11-01,3795,78265.378,168
2022-11-01,3796,218562.717,795
2022-11-01,3797,115642.834,390
2022-11-01,3799,166514.636,624
2022-11-01,3802,1768.817,5
2022-11-01,3803,341958.517,728
2022-11-01,3804,412759.069,1002
2022-11-01,3805,2303265.148,6114
2022-11-01,3806,2011965.462,5258
2022-11-01,3807,272868.63,781
2022-11-01,3808,107970.097,363
2022-11-01,3809,1193220.181,2137
2022-11-01,3810,2220908.474,5369
2022-11-01,3812,109686.705,247
2022-11-01,3813,35537.954,105
2022-11-01,3814,111354.37700000001,264
2022-11-01,3815,132461.208,380
2022-11-01,3816,147340.665,362
2022-11-01,3818,780692.513,2022
2022-11-01,3820,832738.824,2025
2022-11-01,3821,177263.362,428
2022-11-01,3822,45426.999,118
2022-11-01,3823,135581.931,332
2022-11-01,3824,241339.85,593
2022-11-01,3825,894821.585,2331
2022-11-01,3831,104602.452,323
2022-11-01,3832,18510.45,46
2022-11-01,3833,17031.222,43
2022-11-01,3835,34584.836,53
2022-11-01,3840,722643.676,1642
2022-11-01,3842,206072.869,518
2022-11-01,3844,1826896.253,3052
2022-11-01,3847,134025.958,299
2022-11-01,3850,729238.483,1499
2022-11-01,3851,571759.96,1184
2022-11-01,3852,2023.549,3
2022-11-01,3854,85454.80500000001,193
2022-11-01,3856,74320.86,165
2022-11-01,3857,21271.461,59
2022-11-01,3858,239736.09900000002,481
2022-11-01,3859,64310.985,108
2022-11-01,3860,409257.611,935
2022-11-01,3862,241983.748,511
2022-11-01,3864,11345.952000000001,29
2022-11-01,3865,45008.924,92
2022-11-01,3869,113283.556,267
2022-11-01,3870,62550.871,209
2022-11-01,3871,139519.555,405
2022-11-01,3873,24091.273,55
2022-11-01,3874,51435.755,125
2022-11-01,3875,1249797.911,2567
2022-11-01,3878,131578.568,268
2022-11-01,3880,351716.449,746
2022-11-01,3882,100378.981,216
2022-11-01,3885,106476.181,288
2022-11-01,3886,37343.532,63
2022-11-01,3887,19310.771,41
2022-11-01,3888,248643.479,540
2022-11-01,3889,15822.56,33
2022-11-01,3890,17407.828,36
2022-11-01,3891,3666.013,17
2022-11-01,3892,93226.125,251
2022-11-01,3893,2159.647,4
2022-11-01,3895,10014.773,22
2022-11-01,3896,22728.802,54
2022-11-01,3898,35372.97,70
2022-11-01,3900,9296.126,23
2022-11-01,3902,30787.41,70
2022-11-01,3903,57995.904,137
2022-11-01,3904,170616.603,356
2022-11-01,3909,582284.722,1316
2022-11-01,3912,983.065,5
2022-11-01,3922,909243.006,1805
2022-11-01,3923,76912.616,169
2022-11-01,3925,432193.753,749
2022-11-01,3945,85527.955,188
2022-11-01,3946,26797.039,57
2022-11-01,3950,241959.815,667
2022-11-01,3951,71151.573,163
2022-11-01,3953,413153.779,997
2022-11-01,3954,23289.759000000002,62
2022-11-01,3956,318416.845,703
2022-11-01,3957,22063.21,51
2022-11-01,3958,13402.127,31
2022-11-01,3959,144385.364,322
2022-11-01,3960,189384.73500000002,502
2022-11-01,3962,51948.769,176
2022-11-01,3964,9389.024,30
2022-11-01,3965,26783.998,54
2022-11-01,3966,40475.792,86
2022-11-01,3967,11812.028,24
2022-11-01,3971,244388.174,601
2022-11-01,3975,1005312.279,2401
2022-11-01,3976,939504.982,2503
2022-11-01,3977,4938754.11,11018
2022-11-01,3978,3341152.648,5645
2022-11-01,3979,28556.32,53
2022-11-01,3980,166851.306,476
2022-11-01,3981,299097.961,660
2022-11-01,3984,548068.447,1149
2022-11-01,3987,82242.471,227
2022-11-01,3988,64531.6,176
2022-11-01,3990,7162.535,18
2022-11-01,3991,35288.089,80
2022-11-01,3992,115476.691,226
2022-11-01,3995,887536.915,1824
2022-11-01,3996,555153.398,1178
2022-12-01,3064,1165681.207,1324
2022-12-01,3074,1042499.151,1406
2022-12-01,3075,690036.415,1366
2022-12-01,3076,1506734.619,2614
2022-12-01,3082,1001439.564,2173
2022-12-01,3083,904906.398,1793
2022-12-01,3085,101706.435,237
2022-12-01,3087,253036.625,590
2022-12-01,3088,828796.906,1913
2022-12-01,3089,485921.69,1061
2022-12-01,3090,133678.487,219
2022-12-01,3091,101578.74,194
2022-12-01,3093,124835.788,277
2022-12-01,3094,232900.416,604
2022-12-01,3095,863641.967,2090
2022-12-01,3096,73182.492,172
2022-12-01,3097,82158.827,180
2022-12-01,3099,208132.207,487
2022-12-01,3106,8156.45,17
2022-12-01,3111,71706.972,123
2022-12-01,3113,320372.173,770
2022-12-01,3114,145396.311,327
2022-12-01,3115,161050.684,349
2022-12-01,3116,523750.977,1021
2022-12-01,3132,2733.123,3
2022-12-01,3133,10575.938,34
2022-12-01,3134,1091224.039,2278
2022-12-01,3135,635429.115,1442
2022-12-01,3136,1498494.726,3360
2022-12-01,3137,741328.786,1270
2022-12-01,3138,762113.828,1903
2022-12-01,3139,684313.793,1424
2022-12-01,3140,686353.818,1474
2022-12-01,3152,1329137.93,2708
2022-12-01,3153,1322955.862,1881
2022-12-01,3154,141522.953,361
2022-12-01,3155,826255.232,1814
2022-12-01,3156,1647581.614,3588
2022-12-01,3158,192187.815,471
2022-12-01,3159,68385.79,197
2022-12-01,3160,253355.663,642
2022-12-01,3175,14017.637999999999,7
2022-12-01,3178,921948.609,2116
2022-12-01,3179,67869.372,169
2022-12-01,3180,460626.663,795
2022-12-01,3522,1025.769,3
2022-12-01,3607,28711.893,24
2022-12-01,3608,282759.48,504
2022-12-01,3612,3065.91,9
2022-12-01,3646,630.6669999999999,3
2022-12-01,3658,409731.833,852
2022-12-01,3659,70702.135,133
2022-12-01,3660,514346.407,986
2022-12-01,3663,36957.165,38
2022-12-01,3664,107986.651,207
2022-12-01,3665,28442.098,67
2022-12-01,3666,400771.218,838
2022-12-01,3669,94835.702,240
2022-12-01,3670,42927.029,116
2022-12-01,3672,858153.092,1607
2022-12-01,3673,153024.493,329
2022-12-01,3675,188839.786,396
2022-12-01,3677,1482028.389,2521
2022-12-01,3678,731208.629,1352
2022-12-01,3682,57118.212,116
2022-12-01,3683,139009.134,318
2022-12-01,3685,342390.446,561
2022-12-01,3687,87929.657,199
2022-12-01,3688,121993.755,253
2022-12-01,3690,2704327.552,4440
2022-12-01,3691,1259147.18,1956
2022-12-01,3695,35955.706,80
2022-12-01,3697,56839.612,127
2022-12-01,3698,101727.718,233
2022-12-01,3699,78264.053,148
2022-12-01,3700,139628.358,264
2022-12-01,3701,127774.762,237
2022-12-01,3704,1647.08,4
2022-12-01,3705,25288.35,48
2022-12-01,3707,167728.702,344
2022-12-01,3708,6037.612999999999,14
2022-12-01,3709,26580.181,57
2022-12-01,3711,44421.387,107
2022-12-01,3712,34952.187,44
2022-12-01,3713,86296.994,176
2022-12-01,3714,248768.537,560
2022-12-01,3715,26714.02,58
2022-12-01,3717,275319.023,582
2022-12-01,3718,6748.425,14
2022-12-01,3719,35492.668,87
2022-12-01,3720,84892.276,150
2022-12-01,3722,679302.13,1021
2022-12-01,3723,311641.888,576
2022-12-01,3725,50843.611,104
2022-12-01,3726,38846.033,87
2022-12-01,3727,22680.461,54
2022-12-01,3728,1442.443,3
2022-12-01,3730,2745.5190000000002,6
2022-12-01,3732,55722.68,111
2022-12-01,3733,33267.142,43
2022-12-01,3735,57517.127,103
2022-12-01,3737,374740.096,667
2022-12-01,3738,15116.313,31
2022-12-01,3739,24034.89,37
2022-12-01,3740,90680.792,187
2022-12-01,3741,298903.97,575
2022-12-01,3744,50884.468,81
2022-12-01,3746,37426.463,87
2022-12-01,3747,446527.775,921
2022-12-01,3749,237060.007,483
2022-12-01,3750,2203102.033,2851
2022-12-01,3751,5153.749,9
2022-12-01,3752,1066921.158,2035
2022-12-01,3753,361282.858,511
2022-12-01,3754,2778123.933,4789
2022-12-01,3755,13171.848,24
2022-12-01,3756,949182.095,1714
2022-12-01,3757,496833.148,1051
2022-12-01,3758,133965.104,303
2022-12-01,3759,73503.781,148
2022-12-01,3760,18865.126,50
2022-12-01,3761,66387.668,169
2022-12-01,3762,6207.05,15
2022-12-01,3763,98185.425,227
2022-12-01,3764,594800.897,1112
2022-12-01,3765,231128.414,555
2022-12-01,3766,34017.924,86
2022-12-01,3767,17900.592,50
2022-12-01,3770,203951.253,380
2022-12-01,3775,256903.297,495
2022-12-01,3777,491126.847,1189
2022-12-01,3778,13135.966,29
2022-12-01,3779,64176.442,112
2022-12-01,3781,128536.033,351
2022-12-01,3782,265277.339,684
2022-12-01,3783,118629.577,258
2022-12-01,3785,658.108,1
2022-12-01,3786,39246.989,98
2022-12-01,3787,19539.718,47
2022-12-01,3788,35555.147,94
2022-12-01,3789,4376.922,13
2022-12-01,3791,48618.009,107
2022-12-01,3792,41548.886,90
2022-12-01,3793,154371.948,354
2022-12-01,3795,95909.49,168
2022-12-01,3796,316474.895,799
2022-12-01,3797,176135.371,388
2022-12-01,3799,247685.757,631
2022-12-01,3802,2838.006,6
2022-12-01,3803,467384.379,730
2022-12-01,3804,570106.884,1007
2022-12-01,3805,3034548.3,6134
2022-12-01,3806,2780421.461,5311
2022-12-01,3807,380865.981,791
2022-12-01,3808,162766.938,369
2022-12-01,3809,1616665.584,2161
2022-12-01,3810,3052669.837,5418
2022-12-01,3812,147246.132,251
2022-12-01,3813,50700.194,105
2022-12-01,3814,142571.676,266
2022-12-01,3815,177332.454,381
2022-12-01,3816,223563.203,368
2022-12-01,3818,1081624.814,2034
2022-12-01,3820,1126058.212,2036
2022-12-01,3821,239566.222,430
2022-12-01,3822,57363.434,118
2022-12-01,3823,171776.031,335
2022-12-01,3824,309383.433,599
2022-12-01,3825,1106536.251,2357
2022-12-01,3831,149179.953,323
2022-12-01,3832,27018.728,46
2022-12-01,3833,24655.712,42
2022-12-01,3835,45213.15,55
2022-12-01,3840,939262.365,1655
2022-12-01,3842,248343.843,520
2022-12-01,3844,2094308.616,3084
2022-12-01,3847,147308.093,299
2022-12-01,3850,785425.949,1511
2022-12-01,3851,614905.736,1193
2022-12-01,3852,2289.516,3
2022-12-01,3854,97222.294,195
2022-12-01,3856,73834.525,163
2022-12-01,3857,21863.841,59
2022-12-01,3858,238330.387,486
2022-12-01,3859,66781.752,113
2022-12-01,3860,419746.501,943
2022-12-01,3862,250361.989,514
2022-12-01,3864,12778.259,29
2022-12-01,3865,46756.207,91
2022-12-01,3869,141585.788,270
2022-12-01,3870,79214.56,210
2022-12-01,3871,181635.731,407
2022-12-01,3873,28075.079,55
2022-12-01,3874,63971.87,125
2022-12-01,3875,1356523.764,2589
2022-12-01,3878,143593.519,269
2022-12-01,3880,377829.069,754
2022-12-01,3882,107673.909,217
2022-12-01,3885,110302.02,294
2022-12-01,3886,39431.48,63
2022-12-01,3887,18739.526,41
2022-12-01,3888,247507.81,545
2022-12-01,3889,15081.518,35
2022-12-01,3890,18465.079,35
2022-12-01,3891,3484.341,17
2022-12-01,3892,92523.913,249
2022-12-01,3893,1801.5729999999999,4
2022-12-01,3895,9399.978,23
2022-12-01,3896,20808.981,54
2022-12-01,3898,35300.115,70
2022-12-01,3900,9811.172,22
2022-12-01,3902,31829.912,71
2022-12-01,3903,62213.533,137
2022-12-01,3904,184519.686,359
2022-12-01,3909,615343.128,1327
2022-12-01,3912,1306.955,5
2022-12-01,3922,1146966.89,1813
2022-12-01,3923,106377.836,167
2022-12-01,3925,534708.316,753
2022-12-01,3945,107382.682,190
2022-12-01,3946,32518.165,57
2022-12-01,3950,315412.69299999997,672
2022-12-01,3951,89592.18,163
2022-12-01,3953,521041.08,1008
2022-12-01,3954,29182.079,62
2022-12-01,3956,382846.28,711
2022-12-01,3957,26382.339,53
2022-12-01,3958,16750.986,33
2022-12-01,3959,171632.106,322
2022-12-01,3960,232399.353,506
2022-12-01,3962,68678.379,177
2022-12-01,3964,11510.405,30
2022-12-01,3965,31308.392,54
2022-12-01,3966,50070.523,87
2022-12-01,3967,14849.494999999999,23
2022-12-01,3971,310061.792,609
2022-12-01,3975,1278359.939,2365
2022-12-01,3976,1191604.05,2503
2022-12-01,3977,6486949.035,11076
2022-12-01,3978,4450209.827,5739
2022-12-01,3979,33615.704,50
2022-12-01,3980,226642.389,479
2022-12-01,3981,391944.579,660
2022-12-01,3984,668106.417,1165
2022-12-01,3987,101680.14,228
2022-12-01,3988,81034.397,174
2022-12-01,3990,8707.99,18
2022-12-01,3991,44756.095,81
2022-12-01,3992,136123.266,226
2022-12-01,3995,1095639.761,1840
2022-12-01,3996,685114.279,1189
2023-01-01,3064,1102552.242,1355
2023-01-01,3074,936373.378,1402
2023-01-01,3075,638560.643,1362
2023-01-01,3076,1374036.269,2633
2023-01-01,3082,950848.694,2186
2023-01-01,3083,824058.997,1792
2023-01-01,3085,93205.121,238
2023-01-01,3087,236347.51,596
2023-01-01,3088,764635.806,1930
2023-01-01,3089,443687.283,1078
2023-01-01,3090,123245.682,218
2023-01-01,3091,92787.294,196
2023-01-01,3093,112478.344,276
2023-01-01,3094,215628.113,612
2023-01-01,3095,785836.818,2103
2023-01-01,3096,66990.333,174
2023-01-01,3097,76973.319,177
2023-01-01,3099,188845.357,491
2023-01-01,3106,8039.2339999999995,17
2023-01-01,3111,63852.516,123
2023-01-01,3113,293005.924,770
2023-01-01,3114,135025.225,331
2023-01-01,3115,149714.45,358
2023-01-01,3116,485688.525,1020
2023-01-01,3132,2345.538,3
2023-01-01,3133,9032.617,25
2023-01-01,3134,1012336.209,2282
2023-01-01,3135,588547.035,1444
2023-01-01,3136,1424670.327,3377
2023-01-01,3137,684515.52,1277
2023-01-01,3138,772798.701,1915
2023-01-01,3139,636790.377,1436
2023-01-01,3140,639142.218,1470
2023-01-01,3152,1211486.643,2723
2023-01-01,3153,1219618.409,1902
2023-01-01,3154,132005.891,361
2023-01-01,3155,770627.152,1827
2023-01-01,3156,1394984.035,3600
2023-01-01,3158,178667.932,474
2023-01-01,3159,65421.335,195
2023-01-01,3160,235230.87099999998,648
2023-01-01,3175,9293.249,7
2023-01-01,3178,936899.884,2129
2023-01-01,3179,63517.924,171
2023-01-01,3180,374142.566,798
2023-01-01,3522,891.938,3
2023-01-01,3607,24950.049,25
2023-01-01,3608,274870.881,503
2023-01-01,3612,3032.151,9
2023-01-01,3646,466.56,3
2023-01-01,3658,407185.435,858
2023-01-01,3659,73304.453,133
2023-01-01,3660,500081.82,989
2023-01-01,3663,34732.077,38
2023-01-01,3664,106533.797,207
2023-01-01,3665,27996.189,68
2023-01-01,3666,386461.658,842
2023-01-01,3669,90505.802,242
2023-01-01,3670,39185.593,116
2023-01-01,3672,785522.226,1617
2023-01-01,3673,144437.368,330
2023-01-01,3675,174726.208,397
2023-01-01,3677,1339050.897,2521
2023-01-01,3678,665688.386,1356
2023-01-01,3682,56205.091,118
2023-01-01,3683,131318.219,319
2023-01-01,3685,331524.114,564
2023-01-01,3687,80660.226,198
2023-01-01,3688,114844.679,253
2023-01-01,3690,2487904.111,4467
2023-01-01,3691,1170747.289,1973
2023-01-01,3695,36150.948,79
2023-01-01,3697,59088.504,129
2023-01-01,3698,106434.783,232
2023-01-01,3699,78167.262,150
2023-01-01,3700,126545.056,266
2023-01-01,3701,122245.5,236
2023-01-01,3704,1717.881,4
2023-01-01,3705,23648.348,47
2023-01-01,3707,160665.225,352
2023-01-01,3708,6635.147,15
2023-01-01,3709,24619.307,58
2023-01-01,3711,46040.277,108
2023-01-01,3712,30847.544,44
2023-01-01,3713,89674.446,180
2023-01-01,3714,254693.547,558
2023-01-01,3715,27761.869,59
2023-01-01,3717,273055.438,585
2023-01-01,3718,6501.955,14
2023-01-01,3719,32270.16,86
2023-01-01,3720,78730.365,152
2023-01-01,3722,655286.366,1025
2023-01-01,3723,306288.445,571
2023-01-01,3725,45578.38,104
2023-01-01,3726,35349.873,88
2023-01-01,3727,22025.318,55
2023-01-01,3728,1224.523,3
2023-01-01,3730,2432.7309999999998,6
2023-01-01,3732,54312.158,113
2023-01-01,3733,31682.691,42
2023-01-01,3735,53712.301999999996,103
2023-01-01,3737,351999.333,671
2023-01-01,3738,14936.967,32
2023-01-01,3739,21724.128,37
2023-01-01,3740,86808.584,187
2023-01-01,3741,293233.639,580
2023-01-01,3744,47808.855,81
2023-01-01,3746,33203.113,87
2023-01-01,3747,457336.154,930
2023-01-01,3749,221957.255,483
2023-01-01,3750,2058709.905,2873
2023-01-01,3751,4728.946,9
2023-01-01,3752,973718.213,2031
2023-01-01,3753,326791.613,515
2023-01-01,3754,2582000.437,4837
2023-01-01,3755,12331.673999999999,24
2023-01-01,3756,896234.392,1731
2023-01-01,3757,462278.359,1056
2023-01-01,3758,130498.602,305
2023-01-01,3759,68822.853,148
2023-01-01,3760,18039.201,50
2023-01-01,3761,61360.602,170
2023-01-01,3762,6338.471,15
2023-01-01,3763,96647.834,228
2023-01-01,3764,579948.701,1115
2023-01-01,3765,228002.857,558
2023-01-01,3766,32915.887,87
2023-01-01,3767,17351.201,51
2023-01-01,3770,173113.777,375
2023-01-01,3775,227794.489,500
2023-01-01,3777,452491.363,1198
2023-01-01,3778,13554.601,28
2023-01-01,3779,64844.137,112
2023-01-01,3781,124180.163,353
2023-01-01,3782,261032.138,687
2023-01-01,3783,119343.25,260
2023-01-01,3785,630.071,1
2023-01-01,3786,39275.235,100
2023-01-01,3787,19488.995,47
2023-01-01,3788,36361.173,93
2023-01-01,3789,4495.287,13
2023-01-01,3791,48071.304,106
2023-01-01,3792,40962.874,92
2023-01-01,3793,147733.188,350
2023-01-01,3795,92820.921,170
2023-01-01,3796,292680.918,802
2023-01-01,3797,157318.114,391
2023-01-01,3799,236124.814,624
2023-01-01,3802,2493.896,6
2023-01-01,3803,420942.677,732
2023-01-01,3804,501134.852,1010
2023-01-01,3805,2725716.817,6148
2023-01-01,3806,2554562.16,5335
2023-01-01,3807,353740.271,804
2023-01-01,3808,159868.131,367
2023-01-01,3809,1486340.376,2183
2023-01-01,3810,2764644.268,5463
2023-01-01,3812,137713.474,250
2023-01-01,3813,49549.599,105
2023-01-01,3814,134666.573,267
2023-01-01,3815,164789.019,383
2023-01-01,3816,180576.999,370
2023-01-01,3818,1006762.965,2042
2023-01-01,3820,1056462.688,2056
2023-01-01,3821,227864.104,434
2023-01-01,3822,54731.821,119
2023-01-01,3823,165248.867,336
2023-01-01,3824,291698.327,599
2023-01-01,3825,1020265.115,2365
2023-01-01,3831,137005.71600000001,322
2023-01-01,3832,26163.721,45
2023-01-01,3833,22416.011,43
2023-01-01,3835,40337.202,56
2023-01-01,3840,865116.173,1660
2023-01-01,3842,241186.128,526
2023-01-01,3844,1933401.939,3115
2023-01-01,3847,128636.662,304
2023-01-01,3850,734549.359,1513
2023-01-01,3851,557655.192,1188
2023-01-01,3852,1972.766,3
2023-01-01,3854,90153.488,195
2023-01-01,3856,66735.699,163
2023-01-01,3857,20344.405,59
2023-01-01,3858,221035.653,489
2023-01-01,3859,65640.076,115
2023-01-01,3860,392970.635,940
2023-01-01,3862,224063.656,516
2023-01-01,3864,11883.517,29
2023-01-01,3865,44067.623,90
2023-01-01,3869,135672.432,274
2023-01-01,3870,78566.079,208
2023-01-01,3871,181213.94,409
2023-01-01,3873,26802.362999999998,54
2023-01-01,3874,55509.456,124
2023-01-01,3875,1302675.288,2595
2023-01-01,3878,138397.045,272
2023-01-01,3880,367317.836,756
2023-01-01,3882,104088.567,218
2023-01-01,3885,108087.105,293
2023-01-01,3886,39807.155,63
2023-01-01,3887,17751.53,41
2023-01-01,3888,243434.801,547
2023-01-01,3889,16621.787,35
2023-01-01,3890,17095.661,35
2023-01-01,3891,3366.566,17
2023-01-01,3892,85258.924,248
2023-01-01,3893,1705.087,4
2023-01-01,3895,9641.632,23
2023-01-01,3896,21165.161,54
2023-01-01,3898,34769.521,74
2023-01-01,3900,9601.969000000001,23
2023-01-01,3902,31338.421,71
2023-01-01,3903,59076.774,137
2023-01-01,3904,182187.082,362
2023-01-01,3909,613650.298,1327
2023-01-01,3912,1243.97,5
2023-01-01,3922,1086885.154,1826
2023-01-01,3923,98785.158,167
2023-01-01,3925,515264.448,759
2023-01-01,3945,101227.731,188
2023-01-01,3946,31838.939,58
2023-01-01,3950,302089.525,674
2023-01-01,3951,84407.601,161
2023-01-01,3953,491696.458,1012
2023-01-01,3954,27201.058,62
2023-01-01,3956,363157.11,718
2023-01-01,3957,24582.511,52
2023-01-01,3958,16650.056,33
2023-01-01,3959,156337.735,324
2023-01-01,3960,222263.596,511
2023-01-01,3962,64345.18,178
2023-01-01,3964,11178.918,30
2023-01-01,3965,27922.619,54
2023-01-01,3966,45920.001,87
2023-01-01,3967,11979.801,23
2023-01-01,3971,264517.864,611
2023-01-01,3975,1138621.088,2312
2023-01-01,3976,1079060.185,2489
2023-01-01,3977,5917941.017,11049
2023-01-01,3978,4132128.33,5826
2023-01-01,3979,31625.592,50
2023-01-01,3980,210876.493,479
2023-01-01,3981,345180.388,669
2023-01-01,3984,642923.566,1170
2023-01-01,3987,99774.076,229
2023-01-01,3988,74275.113,175
2023-01-01,3990,7987.586,18
2023-01-01,3991,42508.017,81
2023-01-01,3992,130633.134,228
2023-01-01,3995,1042834.096,1844
2023-01-01,3996,642046.106,1202
2023-02-01,3064,973467.875,1393
2023-02-01,3074,677539.523,1394
2023-02-01,3075,509120.567,1344
2023-02-01,3076,1101283.98,2663
2023-02-01,3082,791656.829,2204
2023-02-01,3083,671430.918,1791
2023-02-01,3085,72510.407,240
2023-02-01,3087,193739.529,597
2023-02-01,3088,628710.212,1952
2023-02-01,3089,370821.309,1088
2023-02-01,3090,99950.943,222
2023-02-01,3091,77193.876,196
2023-02-01,3093,90515.915,279
2023-02-01,3094,174849.308,620
2023-02-01,3095,633839.838,2123
2023-02-01,3096,55102.268000000004,178
2023-02-01,3097,64916.958,181
2023-02-01,3099,155917.615,493
2023-02-01,3106,6148.141,17
2023-02-01,3111,52562.558,124
2023-02-01,3113,239249.948,773
2023-02-01,3114,104810.842,328
2023-02-01,3115,127003.187,365
2023-02-01,3116,398844.675,1035
2023-02-01,3132,1458.487,3
2023-02-01,3133,7336.123,25
2023-02-01,3134,826501.197,2306
2023-02-01,3135,484342.488,1466
2023-02-01,3136,1156069.49,3405
2023-02-01,3137,534959.933,1291
2023-02-01,3138,643511.578,1934
2023-02-01,3139,526356.269,1451
2023-02-01,3140,528126.722,1483
2023-02-01,3152,898099.091,2760
2023-02-01,3153,924521.455,1917
2023-02-01,3154,106543.549,364
2023-02-01,3155,618162.873,1833
2023-02-01,3156,1025953.044,3542
2023-02-01,3158,139991.366,478
2023-02-01,3159,50775.135,199
2023-02-01,3160,188080.175,656
2023-02-01,3175,6059.544,7
2023-02-01,3178,825264.274,2150
2023-02-01,3179,57885.653,170
2023-02-01,3180,280045.804,794
2023-02-01,3522,827.629,3
2023-02-01,3607,18949.83,25
2023-02-01,3608,257233.627,503
2023-02-01,3612,2447.997,9
2023-02-01,3646,490.25,3
2023-02-01,3658,358918.732,860
2023-02-01,3659,65971.278,134
2023-02-01,3660,455261.628,1000
2023-02-01,3663,29894.802,38
2023-02-01,3664,94534.247,208
2023-02-01,3665,25135.763,68
2023-02-01,3666,343093.619,848
2023-02-01,3669,79412.737,242
2023-02-01,3670,37537.794,117
2023-02-01,3672,744493.088,1635
2023-02-01,3673,132167.19,330
2023-02-01,3675,159195.314,401
2023-02-01,3677,1224995.632,2545
2023-02-01,3678,628957.763,1361
2023-02-01,3682,52643.679000000004,117
2023-02-01,3683,125405.898,321
2023-02-01,3685,313081.529,565
2023-02-01,3687,79418.392,197
2023-02-01,3688,109000.734,255
2023-02-01,3690,2382727.012,4503
2023-02-01,3691,1135757.224,1992
2023-02-01,3695,35084.043,81
2023-02-01,3697,53315.361,129
2023-02-01,3698,96176.415,234
2023-02-01,3699,70753.332,152
2023-02-01,3700,120197.35,266
2023-02-01,3701,116118.936,239
2023-02-01,3704,1614.036,4
2023-02-01,3705,21586.972,48
2023-02-01,3707,147476.557,356
2023-02-01,3708,6326.874,15
2023-02-01,3709,22879.749,57
2023-02-01,3711,40028.772,109
2023-02-01,3712,27838.131,43
2023-02-01,3713,82646.352,177
2023-02-01,3714,226931.412,559
2023-02-01,3715,25691.894,59
2023-02-01,3717,245950.449,592
2023-02-01,3718,5435.057,14
2023-02-01,3719,31404.708,86
2023-02-01,3720,79434.249,154
2023-02-01,3722,603378.481,1035
2023-02-01,3723,283195.189,572
2023-02-01,3725,42746.365,105
2023-02-01,3726,32468.887,89
2023-02-01,3727,19743.295,55
2023-02-01,3728,1164.318,3
2023-02-01,3730,2154.615,6
2023-02-01,3732,48165.459,113
2023-02-01,3733,26037.461,42
2023-02-01,3735,48094.239,104
2023-02-01,3737,321739.513,673
2023-02-01,3738,14219.0,32
2023-02-01,3739,20877.623,37
2023-02-01,3740,80060.218,186
2023-02-01,3741,272932.616,581
2023-02-01,3744,39480.599,82
2023-02-01,3746,30846.374,88
2023-02-01,3747,409109.799,935
2023-02-01,3749,205388.887,482
2023-02-01,3750,1725809.786,2894
2023-02-01,3751,3940.9170000000004,9
2023-02-01,3752,734963.408,2048
2023-02-01,3753,293736.548,523
2023-02-01,3754,2180240.502,4883
2023-02-01,3755,9937.926,24
2023-02-01,3756,802045.893,1739
2023-02-01,3757,395806.654,1065
2023-02-01,3758,114561.266,305
2023-02-01,3759,53342.003000000004,147
2023-02-01,3760,14309.917,50
2023-02-01,3761,48328.842,169
2023-02-01,3762,5402.796,15
2023-02-01,3763,81392.995,229
2023-02-01,3764,508039.201,1123
2023-02-01,3765,172924.616,563
2023-02-01,3766,27035.743,90
2023-02-01,3767,12813.631,52
2023-02-01,3770,147967.76499999998,375
2023-02-01,3775,188507.66,502
2023-02-01,3777,384396.101,1211
2023-02-01,3778,11260.348,28
2023-02-01,3779,56321.085,112
2023-02-01,3781,93197.127,350
2023-02-01,3782,198998.879,696
2023-02-01,3783,87158.345,259
2023-02-01,3785,446.2,1
2023-02-01,3786,31805.197,105
2023-02-01,3787,13972.832,46
2023-02-01,3788,27188.769,94
2023-02-01,3789,3372.514,13
2023-02-01,3791,37090.725,106
2023-02-01,3792,31501.728,92
2023-02-01,3793,112539.44499999999,350
2023-02-01,3795,69201.27,171
2023-02-01,3796,245929.72,814
2023-02-01,3797,132160.001,391
2023-02-01,3799,197406.744,629
2023-02-01,3802,2435.599,7
2023-02-01,3803,351481.11,733
2023-02-01,3804,406586.512,996
2023-02-01,3805,2300082.553,6195
2023-02-01,3806,2125147.06,5371
2023-02-01,3807,293396.926,803
2023-02-01,3808,130852.405,369
2023-02-01,3809,1234548.303,2221
2023-02-01,3810,2304053.073,5505
2023-02-01,3812,108021.69,252
2023-02-01,3813,37493.602,105
2023-02-01,3814,108119.154,268
2023-02-01,3815,135057.519,384
2023-02-01,3816,161101.85,369
2023-02-01,3818,813621.59,2056
2023-02-01,3820,849957.186,2074
2023-02-01,3821,185732.953,435
2023-02-01,3822,45645.012,119
2023-02-01,3823,137301.019,337
2023-02-01,3824,252631.549,611
2023-02-01,3825,903792.474,2379
2023-02-01,3831,112684.629,322
2023-02-01,3832,20585.762,44
2023-02-01,3833,19511.988,42
2023-02-01,3835,31936.84,57
2023-02-01,3840,749559.782,1677
2023-02-01,3842,207134.287,528
2023-02-01,3844,1833954.124,3132
2023-02-01,3847,123816.454,304
2023-02-01,3850,705756.034,1519
2023-02-01,3851,530736.17,1186
2023-02-01,3852,1930.144,3
2023-02-01,3854,84459.735,193
2023-02-01,3856,67686.186,167
2023-02-01,3857,20711.582,60
2023-02-01,3858,217301.215,486
2023-02-01,3859,67573.066,116
2023-02-01,3860,392526.363,945
2023-02-01,3862,230049.513,521
2023-02-01,3864,12238.664,29
2023-02-01,3865,42559.278,92
2023-02-01,3869,119948.631,276
2023-02-01,3870,65080.453,208
2023-02-01,3871,145962.711,418
2023-02-01,3873,24778.009000000002,55
2023-02-01,3874,49854.045,125
2023-02-01,3875,1263611.899,2622
2023-02-01,3878,135294.784,273
2023-02-01,3880,349576.935,763
2023-02-01,3882,105983.307,218
2023-02-01,3885,112002.746,297
2023-02-01,3886,36694.156,63
2023-02-01,3887,18508.415,42
2023-02-01,3888,234920.976,552
2023-02-01,3889,15295.827,35
2023-02-01,3890,17666.546,36
2023-02-01,3891,3222.703,17
2023-02-01,3892,85644.506,253
2023-02-01,3893,1919.596,4
2023-02-01,3895,10183.423999999999,25
2023-02-01,3896,21897.853,54
2023-02-01,3898,37311.348,74
2023-02-01,3900,9971.869,23
2023-02-01,3902,31463.722,71
2023-02-01,3903,61492.543,140
2023-02-01,3904,182892.834,368
2023-02-01,3909,589830.509,1339
2023-02-01,3912,833.096,5
2023-02-01,3922,891343.8640000001,1838
2023-02-01,3923,74538.776,171
2023-02-01,3925,406232.667,770
2023-02-01,3945,80567.174,188
2023-02-01,3946,25427.416,58
2023-02-01,3950,237653.715,675
2023-02-01,3951,65302.663,162
2023-02-01,3953,397847.745,1022
2023-02-01,3954,22275.05,62
2023-02-01,3956,298156.984,720
2023-02-01,3957,20161.455,51
2023-02-01,3958,12790.481,33
2023-02-01,3959,129805.774,327
2023-02-01,3960,188931.669,510
2023-02-01,3962,54431.001000000004,177
2023-02-01,3964,9667.573,30
2023-02-01,3965,25185.953,54
2023-02-01,3966,39666.915,86
2023-02-01,3967,10897.407,23
2023-02-01,3971,253114.693,613
2023-02-01,3975,911648.804,2432
2023-02-01,3976,855764.843,2537
2023-02-01,3977,4992450.988,11159
2023-02-01,3978,3484310.892,5917
2023-02-01,3979,25105.357,50
2023-02-01,3980,166039.339,483
2023-02-01,3981,303848.979,675
2023-02-01,3984,523620.902,1184
2023-02-01,3987,76137.63,229
2023-02-01,3988,62236.917,177
2023-02-01,3990,6248.339,18
2023-02-01,3991,32857.965,82
2023-02-01,3992,106324.45,232
2023-02-01,3995,823388.336,1855
2023-02-01,3996,530258.928,1217
2023-03-01,3064,816809.701,1415
2023-03-01,3074,582384.834,1435
2023-03-01,3075,439967.809,1427
2023-03-01,3076,983805.897,2800
2023-03-01,3082,695244.184,2237
2023-03-01,3083,593979.112,1868
2023-03-01,3085,65161.81,242
2023-03-01,3087,168542.786,598
2023-03-01,3088,543717.436,1967
2023-03-01,3089,323284.912,1094
2023-03-01,3090,87289.745,224
2023-03-01,3091,63761.631,199
2023-03-01,3093,78074.206,282
2023-03-01,3094,150551.873,625
2023-03-01,3095,529211.273,2146
2023-03-01,3096,46853.1,177
2023-03-01,3097,54563.796,180
2023-03-01,3099,131543.818,497
2023-03-01,3106,5236.476000000001,17
2023-03-01,3111,43034.094,126
2023-03-01,3113,196194.445,774
2023-03-01,3114,83109.933,332
2023-03-01,3115,105751.372,363
2023-03-01,3116,346793.054,1044
2023-03-01,3132,1805.533,3
2023-03-01,3133,6258.182,27
2023-03-01,3134,696994.17,2324
2023-03-01,3135,405260.089,1467
2023-03-01,3136,977667.113,3443
2023-03-01,3137,471569.074,1305
2023-03-01,3138,555618.355,1938
2023-03-01,3139,443190.997,1468
2023-03-01,3140,452756.524,1493
2023-03-01,3152,898201.901,2800
2023-03-01,3153,802418.335,1926
2023-03-01,3154,89893.616,364
2023-03-01,3155,531039.744,1847
2023-03-01,3156,1058067.819,3627
2023-03-01,3158,111322.063,479
2023-03-01,3159,41713.603,202
2023-03-01,3160,153088.464,657
2023-03-01,3175,4575.967,8
2023-03-01,3178,716711.643,2166
2023-03-01,3179,50329.933,173
2023-03-01,3180,286430.771,805
2023-03-01,3522,635.513,3
2023-03-01,3607,15243.27,25
2023-03-01,3608,210992.784,505
2023-03-01,3612,1787.782,8
2023-03-01,3646,389.623,3
2023-03-01,3658,282178.847,863
2023-03-01,3659,51931.78,135
2023-03-01,3660,359734.256,1002
2023-03-01,3663,24409.941,39
2023-03-01,3664,77554.547,208
2023-03-01,3665,20429.535,68
2023-03-01,3666,271508.219,849
2023-03-01,3669,66551.435,243
2023-03-01,3670,29720.203,118
2023-03-01,3672,579450.545,1655
2023-03-01,3673,101301.581,330
2023-03-01,3675,124498.013,401
2023-03-01,3677,979977.322,2557
2023-03-01,3678,498320.547,1377
2023-03-01,3682,42517.394,118
2023-03-01,3683,101104.251,322
2023-03-01,3685,253665.155,570
2023-03-01,3687,64062.213,197
2023-03-01,3688,87634.638,254
2023-03-01,3690,1967684.18,4536
2023-03-01,3691,930412.89,2005
2023-03-01,3695,29375.735,81
2023-03-01,3697,41131.86,128
2023-03-01,3698,76002.001,236
2023-03-01,3699,57542.834,156
2023-03-01,3700,99351.319,267
2023-03-01,3701,91956.929,240
2023-03-01,3704,1131.695,4
2023-03-01,3705,16934.146,48
2023-03-01,3707,112370.906,356
2023-03-01,3708,4862.611,16
2023-03-01,3709,17978.662,59
2023-03-01,3711,30311.131,110
2023-03-01,3712,21884.27,45
2023-03-01,3713,62763.123,179
2023-03-01,3714,179357.357,561
2023-03-01,3715,18847.641,59
2023-03-01,3717,192581.322,592
2023-03-01,3718,4104.79,14
2023-03-01,3719,26439.557,88
2023-03-01,3720,59067.597,153
2023-03-01,3722,475010.499,1043
2023-03-01,3723,210543.483,573
2023-03-01,3725,33129.531,105
2023-03-01,3726,27295.343,92
2023-03-01,3727,16315.527,56
2023-03-01,3728,1052.893,3
2023-03-01,3730,1826.829,6
2023-03-01,3732,32748.544,113
2023-03-01,3733,12606.8,43
2023-03-01,3735,36611.528,103
2023-03-01,3737,246868.727,678
2023-03-01,3738,10632.362,32
2023-03-01,3739,15298.374,37
2023-03-01,3740,61024.685,189
2023-03-01,3741,203560.007,583
2023-03-01,3744,29335.313,82
2023-03-01,3746,23987.714,87
2023-03-01,3747,311192.632,941
2023-03-01,3749,156302.52,485
2023-03-01,3750,1484489.341,2920
2023-03-01,3751,3149.906,9
2023-03-01,3752,703738.903,2135
2023-03-01,3753,246696.661,531
2023-03-01,3754,1849133.992,4932
2023-03-01,3755,7999.401,24
2023-03-01,3756,649972.309,1748
2023-03-01,3757,325855.80700000003,1074
2023-03-01,3758,89020.301,306
2023-03-01,3759,43253.877,147
2023-03-01,3760,12157.412,50
2023-03-01,3761,40940.205,170
2023-03-01,3762,4477.842,16
2023-03-01,3763,67123.259,230
2023-03-01,3764,403890.419,1130
2023-03-01,3765,147402.745,568
2023-03-01,3766,22470.32,91
2023-03-01,3767,9020.041,50
2023-03-01,3770,121827.868,376
2023-03-01,3775,156546.372,505
2023-03-01,3777,315469.807,1212
2023-03-01,3778,9040.741,30
2023-03-01,3779,40580.344,113
2023-03-01,3781,77420.396,351
2023-03-01,3782,171754.194,705
2023-03-01,3783,73795.15,259
2023-03-01,3785,392.411,1
2023-03-01,3786,25059.806,108
2023-03-01,3787,10418.732,47
2023-03-01,3788,20804.889,96
2023-03-01,3789,3701.9179999999997,14
2023-03-01,3791,29488.198,107
2023-03-01,3792,26625.968,92
2023-03-01,3793,100434.43000000001,356
2023-03-01,3795,64231.443,176
2023-03-01,3796,210565.1,821
2023-03-01,3797,103833.352,393
2023-03-01,3799,156021.05,633
2023-03-01,3802,2391.4629999999997,7
2023-03-01,3803,298212.959,731
2023-03-01,3804,379624.407,1021
2023-03-01,3805,2119115.113,6248
2023-03-01,3806,1912794.374,5412
2023-03-01,3807,266080.267,811
2023-03-01,3808,113539.149,373
2023-03-01,3809,1113291.005,2243
2023-03-01,3810,2074056.68,5541
2023-03-01,3812,97887.559,252
2023-03-01,3813,35045.05,106
2023-03-01,3814,92994.331,271
2023-03-01,3815,127683.806,388
2023-03-01,3816,134246.258,372
2023-03-01,3818,686494.341,2064
2023-03-01,3820,706902.883,2092
2023-03-01,3821,148438.885,434
2023-03-01,3822,36269.807,120
2023-03-01,3823,114307.899,337
2023-03-01,3824,211393.086,613
2023-03-01,3825,761540.789,2402
2023-03-01,3831,93112.351,322
2023-03-01,3832,16536.85,45
2023-03-01,3833,14787.58,44
2023-03-01,3835,31428.33,56
2023-03-01,3840,637738.441,1683
2023-03-01,3842,169415.396,521
2023-03-01,3844,1686179.2,3148
2023-03-01,3847,105368.346,305
2023-03-01,3850,576283.558,1532
2023-03-01,3851,434076.517,1194
2023-03-01,3852,1385.894,3
2023-03-01,3854,73176.166,195
2023-03-01,3856,58319.045,166
2023-03-01,3857,15658.809,60
2023-03-01,3858,175772.474,489
2023-03-01,3859,53190.462,117
2023-03-01,3860,310232.648,950
2023-03-01,3862,186696.411,522
2023-03-01,3864,9462.068,29
2023-03-01,3865,33165.247,92
2023-03-01,3869,96686.829,279
2023-03-01,3870,53250.793,210
2023-03-01,3871,121971.377,417
2023-03-01,3873,19544.162,55
2023-03-01,3874,37846.854,125
2023-03-01,3875,995549.563,2650
2023-03-01,3878,110416.128,275
2023-03-01,3880,290239.403,762
2023-03-01,3882,81842.485,220
2023-03-01,3885,84005.106,300
2023-03-01,3886,23446.443,63
2023-03-01,3887,15282.254,44
2023-03-01,3888,183896.434,552
2023-03-01,3889,10922.367,35
2023-03-01,3890,13018.514,36
2023-03-01,3891,2145.123,17
2023-03-01,3892,72194.595,254
2023-03-01,3893,1382.27,4
2023-03-01,3895,8283.533,25
2023-03-01,3896,17272.45,56
2023-03-01,3898,29517.011,74
2023-03-01,3900,7799.225,23
2023-03-01,3902,24009.015,71
2023-03-01,3903,47080.699,141
2023-03-01,3904,142592.802,367
2023-03-01,3909,460925.228,1346
2023-03-01,3912,818.478,6
2023-03-01,3922,767233.666,1856
2023-03-01,3923,65219.984,175
2023-03-01,3925,355555.151,776
2023-03-01,3945,71418.743,189
2023-03-01,3946,21798.585,58
2023-03-01,3950,211635.971,681
2023-03-01,3951,55371.546,162
2023-03-01,3953,346768.526,1031
2023-03-01,3954,17719.006,61
2023-03-01,3956,250234.021,723
2023-03-01,3957,16411.064,51
2023-03-01,3958,10507.672,33
2023-03-01,3959,109398.191,324
2023-03-01,3960,143272.474,510
2023-03-01,3962,40784.089,178
2023-03-01,3964,7107.292,31
2023-03-01,3965,19561.425,55
2023-03-01,3966,29153.442,86
2023-03-01,3967,8756.408,23
2023-03-01,3971,195393.662,620
2023-03-01,3975,950726.24,2494
2023-03-01,3976,836070.456,2569
2023-03-01,3977,4631803.932,11268
2023-03-01,3978,3230379.097,5992
2023-03-01,3979,21456.932,50
2023-03-01,3980,158557.11,483
2023-03-01,3981,286509.401,682
2023-03-01,3984,481122.547,1196
2023-03-01,3987,66635.01,228
2023-03-01,3988,53059.411,179
2023-03-01,3990,5217.448,18
2023-03-01,3991,28312.594,82
2023-03-01,3992,93463.607,231
2023-03-01,3995,723697.679,1891
2023-03-01,3996,453165.735,1230
2023-04-01,3064,661501.799,1430
2023-04-01,3074,475222.637,1457
2023-04-01,3075,372713.164,1496
2023-04-01,3076,816159.083,2835
2023-04-01,3082,532325.248,2250
2023-04-01,3083,462931.647,1882
2023-04-01,3085,46307.27,241
2023-04-01,3087,124024.805,603
2023-04-01,3088,394566.85,1977
2023-04-01,3089,240618.775,1105
2023-04-01,3090,65166.226,225
2023-04-01,3091,46282.557,199
2023-04-01,3093,55011.952,283
2023-04-01,3094,102402.704,628
2023-04-01,3095,371893.283,2151
2023-04-01,3096,34005.883,177
2023-04-01,3097,40564.576,180
2023-04-01,3099,93540.41,499
2023-04-01,3106,3736.471,17
2023-04-01,3111,27524.501,126
2023-04-01,3113,135306.484,773
2023-04-01,3114,57754.831,332
2023-04-01,3115,78466.954,364
2023-04-01,3116,271516.875,1056
2023-04-01,3132,1229.227,3
2023-04-01,3133,5392.695,32
2023-04-01,3134,507127.477,2342
2023-04-01,3135,287525.943,1484
2023-04-01,3136,712002.802,3460
2023-04-01,3137,311920.841,1315
2023-04-01,3138,395424.616,1953
2023-04-01,3139,326104.571,1470
2023-04-01,3140,347356.753,1508
2023-04-01,3152,650127.734,2819
2023-04-01,3153,583373.592,1932
2023-04-01,3154,58177.028,360
2023-04-01,3155,367139.533,1849
2023-04-01,3156,771878.766,3646
2023-04-01,3158,77471.671,487
2023-04-01,3159,26127.051,201
2023-04-01,3160,102300.99,657
2023-04-01,3175,2744.948,9
2023-04-01,3178,529305.757,2167
2023-04-01,3179,34879.276,173
2023-04-01,3180,210773.973,813
2023-04-01,3522,484.69100000000003,3
2023-04-01,3607,12037.69,25
2023-04-01,3608,168089.13999999998,505
2023-04-01,3612,1337.088,9
2023-04-01,3646,369.942,3
2023-04-01,3658,227968.072,870
2023-04-01,3659,40036.509,135
2023-04-01,3660,291730.361,1003
2023-04-01,3663,18003.13,39
2023-04-01,3664,61228.629,207
2023-04-01,3665,15658.664999999999,67
2023-04-01,3666,220160.802,853
2023-04-01,3669,53540.776,237
2023-04-01,3670,25088.186,118
2023-04-01,3672,525835.558,1662
2023-04-01,3673,90522.743,333
2023-04-01,3675,110018.848,402
2023-04-01,3677,893056.275,2583
2023-04-01,3678,464479.927,1380
2023-04-01,3682,37017.591,119
2023-04-01,3683,81972.814,318
2023-04-01,3685,239006.505,573
2023-04-01,3687,59087.596,199
2023-04-01,3688,71107.119,254
2023-04-01,3690,1668490.241,4568
2023-04-01,3691,795940.066,2013
2023-04-01,3695,24489.386,83
2023-04-01,3697,32272.619,127
2023-04-01,3698,58599.847,234
2023-04-01,3699,48100.606999999996,158
2023-04-01,3700,79356.416,271
2023-04-01,3701,89328.36,243
2023-04-01,3704,749.98,4
2023-04-01,3705,14438.163,48
2023-04-01,3707,93806.699,357
2023-04-01,3708,4423.936,15
2023-04-01,3709,13165.756,59
2023-04-01,3711,21707.862,109
2023-04-01,3712,19277.953999999998,45
2023-04-01,3713,44337.783,180
2023-04-01,3714,133626.751,563
2023-04-01,3715,15259.754,59
2023-04-01,3717,140295.573,595
2023-04-01,3718,3233.564,14
2023-04-01,3719,21678.865999999998,89
2023-04-01,3720,42837.397,154
2023-04-01,3722,379971.913,1049
2023-04-01,3723,158172.86,579
2023-04-01,3725,28386.004,104
2023-04-01,3726,22667.969,90
2023-04-01,3727,13381.369,58
2023-04-01,3728,1050.8310000000001,3
2023-04-01,3730,1553.844,6
2023-04-01,3732,35314.048,113
2023-04-01,3733,13247.537,42
2023-04-01,3735,31709.455,103
2023-04-01,3737,209775.792,682
2023-04-01,3738,9762.942000000001,34
2023-04-01,3739,11302.233,38
2023-04-01,3740,48278.079,190
2023-04-01,3741,156495.917,587
2023-04-01,3744,22361.157,80
2023-04-01,3746,20366.801,88
2023-04-01,3747,244861.19700000001,947
2023-04-01,3749,129944.149,485
2023-04-01,3750,1199635.39,2936
2023-04-01,3751,2417.2309999999998,9
2023-04-01,3752,534346.748,2155
2023-04-01,3753,197504.377,535
2023-04-01,3754,1468437.612,5050
2023-04-01,3755,6094.897,25
2023-04-01,3756,517798.627,1753
2023-04-01,3757,250573.88,1073
2023-04-01,3758,64958.346,307
2023-04-01,3759,30899.59,148
2023-04-01,3760,9188.558,49
2023-04-01,3761,30581.133,170
2023-04-01,3762,3221.361,16
2023-04-01,3763,45927.889,235
2023-04-01,3764,318965.831,1133
2023-04-01,3765,101330.504,573
2023-04-01,3766,13137.135,90
2023-04-01,3767,5096.752,50
2023-04-01,3770,89132.968,377
2023-04-01,3775,121760.478,503
2023-04-01,3777,240316.475,1221
2023-04-01,3778,7016.8679999999995,30
2023-04-01,3779,31551.083,114
2023-04-01,3781,48598.616,349
2023-04-01,3782,113980.39,710
2023-04-01,3783,50354.394,260
2023-04-01,3785,256.88,1
2023-04-01,3786,15502.461,108
2023-04-01,3787,6462.384,48
2023-04-01,3788,11895.676,96
2023-04-01,3789,2879.965,14
2023-04-01,3791,18883.642,106
2023-04-01,3792,17215.768,91
2023-04-01,3793,69164.266,356
2023-04-01,3795,44935.438,176
2023-04-01,3796,149715.557,830
2023-04-01,3797,78836.045,393
2023-04-01,3799,106417.978,642
2023-04-01,3802,1678.848,7
2023-04-01,3803,213289.3,732
2023-04-01,3804,280810.061,1022
2023-04-01,3805,1529181.432,6245
2023-04-01,3806,1393605.94,5428
2023-04-01,3807,197113.265,815
2023-04-01,3808,77852.414,375
2023-04-01,3809,848186.042,2261
2023-04-01,3810,1564232.643,5574
2023-04-01,3812,69794.223,253
2023-04-01,3813,23831.461,106
2023-04-01,3814,72575.841,273
2023-04-01,3815,93948.395,388
2023-04-01,3816,99899.915,371
2023-04-01,3818,513860.966,2070
2023-04-01,3820,544172.479,2106
2023-04-01,3821,108828.737,434
2023-04-01,3822,26808.657,121
2023-04-01,3823,86765.54,339
2023-04-01,3824,162155.421,618
2023-04-01,3825,561552.244,2408
2023-04-01,3831,66445.783,322
2023-04-01,3832,12151.389,45
2023-04-01,3833,10224.51,43
2023-04-01,3835,23814.044,57
2023-04-01,3840,461594.622,1700
2023-04-01,3842,131427.055,525
2023-04-01,3844,1290305.156,3160
2023-04-01,3847,78912.094,306
2023-04-01,3850,447157.878,1535
2023-04-01,3851,342257.839,1196
2023-04-01,3852,1098.128,3
2023-04-01,3854,53138.746,194
2023-04-01,3856,40916.954,166
2023-04-01,3857,11399.184,61
2023-04-01,3858,140810.177,491
2023-04-01,3859,43695.752,118
2023-04-01,3860,246721.735,950
2023-04-01,3862,143182.003,524
2023-04-01,3864,8061.486,32
2023-04-01,3865,25694.274,91
2023-04-01,3869,74227.165,280
2023-04-01,3870,39073.886,205
2023-04-01,3871,85432.685,417
2023-04-01,3873,15872.39,55
2023-04-01,3874,28448.019,124
2023-04-01,3875,758779.39,2662
2023-04-01,3878,77957.765,279
2023-04-01,3880,203529.15,766
2023-04-01,3882,59254.873,221
2023-04-01,3885,62624.826,297
2023-04-01,3886,16365.095,62
2023-04-01,3887,12373.94,45
2023-04-01,3888,141512.506,556
2023-04-01,3889,8271.688,35
2023-04-01,3890,10365.227,36
2023-04-01,3891,1725.46,17
2023-04-01,3892,55962.070999999996,255
2023-04-01,3893,1167.755,4
2023-04-01,3895,5990.8150000000005,25
2023-04-01,3896,13674.862,56
2023-04-01,3898,19113.272,74
2023-04-01,3900,5724.783,23
2023-04-01,3902,17418.472,71
2023-04-01,3903,33971.681,141
2023-04-01,3904,96210.431,369
2023-04-01,3909,332525.86,1352
2023-04-01,3912,542.952,5
2023-04-01,3922,532826.921,1864
2023-04-01,3923,43204.879,174
2023-04-01,3925,240777.574,781
2023-04-01,3945,46789.678,190
2023-04-01,3946,15503.205,58
2023-04-01,3950,148090.571,683
2023-04-01,3951,39634.687,162
2023-04-01,3953,244930.795,1034
2023-04-01,3954,12752.924,62
2023-04-01,3956,176537.654,729
2023-04-01,3957,11368.539999999999,53
2023-04-01,3958,7522.912,34
2023-04-01,3959,80852.598,327
2023-04-01,3960,104935.24,505
2023-04-01,3962,32387.662,179
2023-04-01,3964,5694.948,29
2023-04-01,3965,16108.402,55
2023-04-01,3966,24250.894,83
2023-04-01,3967,7223.972,23
2023-04-01,3971,154772.156,619
2023-04-01,3975,661420.525,2491
2023-04-01,3976,607009.983,2580
2023-04-01,3977,3178938.993,11302
2023-04-01,3978,2318416.686,6029
2023-04-01,3979,15462.563,51
2023-04-01,3980,103444.6,488
2023-04-01,3981,201753.608,684
2023-04-01,3984,321621.306,1195
2023-04-01,3987,44757.057,230
2023-04-01,3988,38185.67,180
2023-04-01,3990,4558.4439999999995,19
2023-04-01,3991,18447.524,82
2023-04-01,3992,66013.078,234
2023-04-01,3995,504436.556,1897
2023-04-01,3996,319849.743,1232
2023-05-01,3064,466343.35,1458
2023-05-01,3074,292919.999,1469
2023-05-01,3075,272263.865,1532
2023-05-01,3076,539901.157,2852
2023-05-01,3082,361289.938,2283
2023-05-01,3083,300973.867,1894
2023-05-01,3085,27924.771,245
2023-05-01,3087,81047.834,612
2023-05-01,3088,239302.507,1984
2023-05-01,3089,145680.718,1103
2023-05-01,3090,40382.925,225
2023-05-01,3091,28002.977,201
2023-05-01,3093,30563.828,284
2023-05-01,3094,57794.195999999996,633
2023-05-01,3095,202745.859,2171
2023-05-01,3096,20038.764,178
2023-05-01,3097,23230.843,178
2023-05-01,3099,55440.598,500
2023-05-01,3106,2184.623,17
2023-05-01,3111,14978.992,128
2023-05-01,3113,71591.719,772
2023-05-01,3114,30988.794,332
2023-05-01,3115,43412.876,364
2023-05-01,3116,160862.063,1064
2023-05-01,3132,777.359,3
2023-05-01,3133,3858.73,32
2023-05-01,3134,290270.048,2362
2023-05-01,3135,173645.547,1491
2023-05-01,3136,409699.087,3478
2023-05-01,3137,177357.643,1322
2023-05-01,3138,234996.712,1951
2023-05-01,3139,193233.214,1472
2023-05-01,3140,197423.346,1516
2023-05-01,3152,431227.585,2850
2023-05-01,3153,329153.806,1938
2023-05-01,3154,36136.984,367
2023-05-01,3155,224863.219,1851
2023-05-01,3156,482525.842,3682
2023-05-01,3158,43602.698,493
2023-05-01,3159,13724.116,202
2023-05-01,3160,59794.383,652
2023-05-01,3175,1522.289,9
2023-05-01,3178,347911.645,2182
2023-05-01,3179,22903.969,177
2023-05-01,3180,132593.735,823
2023-05-01,3522,315.147,3
2023-05-01,3607,5146.409,25
2023-05-01,3608,103888.702,507
2023-05-01,3612,1026.61,8
2023-05-01,3646,148.902,3
2023-05-01,3658,136296.094,875
2023-05-01,3659,23984.957,137
2023-05-01,3660,172166.33,1011
2023-05-01,3663,10269.687,39
2023-05-01,3664,37649.795,213
2023-05-01,3665,9389.657,66
2023-05-01,3666,128391.096,857
2023-05-01,3669,33797.665,239
2023-05-01,3670,15145.625,118
2023-05-01,3672,298244.852,1671
2023-05-01,3673,53048.642,329
2023-05-01,3675,69603.902,406
2023-05-01,3677,543567.232,2595
2023-05-01,3678,289393.376,1392
2023-05-01,3682,26085.74,119
2023-05-01,3683,54170.823,319
2023-05-01,3685,164992.679,574
2023-05-01,3687,43073.303,202
2023-05-01,3688,48591.654,255
2023-05-01,3690,1086760.892,4602
2023-05-01,3691,532139.779,2025
2023-05-01,3695,16937.1,83
2023-05-01,3697,20113.418,127
2023-05-01,3698,37436.443,236
2023-05-01,3699,28428.281,158
2023-05-01,3700,47207.249,273
2023-05-01,3701,57554.303,241
2023-05-01,3704,616.127,4
2023-05-01,3705,8506.406,49
2023-05-01,3707,54739.646,359
2023-05-01,3708,2639.054,15
2023-05-01,3709,6485.621,58
2023-05-01,3711,11250.636,109
2023-05-01,3712,9382.289,47
2023-05-01,3713,21282.293,181
2023-05-01,3714,66807.934,566
2023-05-01,3715,9236.034,60
2023-05-01,3717,74907.636,600
2023-05-01,3718,1817.8410000000001,14
2023-05-01,3719,12572.421,90
2023-05-01,3720,25537.11,154
2023-05-01,3722,210005.271,1052
2023-05-01,3723,92173.997,581
2023-05-01,3725,18075.638,104
2023-05-01,3726,14171.042,89
2023-05-01,3727,8674.2,57
2023-05-01,3728,702.302,3
2023-05-01,3730,1105.287,6
2023-05-01,3732,20528.92,111
2023-05-01,3733,6708.689,42
2023-05-01,3735,19174.199,104
2023-05-01,3737,121988.428,686
2023-05-01,3738,5980.686,34
2023-05-01,3739,6327.862999999999,39
2023-05-01,3740,28863.645,192
2023-05-01,3741,96044.819,589
2023-05-01,3744,12448.385,81
2023-05-01,3746,12627.505,88
2023-05-01,3747,162619.289,945
2023-05-01,3749,75806.91100000001,484
2023-05-01,3750,847626.555,2957
2023-05-01,3751,1748.826,9
2023-05-01,3752,370783.958,2178
2023-05-01,3753,142904.039,542
2023-05-01,3754,1050044.998,5098
2023-05-01,3755,3881.9610000000002,25
2023-05-01,3756,334765.692,1760
2023-05-01,3757,157268.02,1080
2023-05-01,3758,36630.986,308
2023-05-01,3759,16257.175,148
2023-05-01,3760,5531.327,49
2023-05-01,3761,18404.092,168
2023-05-01,3762,1847.713,16
2023-05-01,3763,26201.086,237
2023-05-01,3764,195912.343,1137
2023-05-01,3765,56069.19,573
2023-05-01,3766,6344.677,92
2023-05-01,3767,2525.476,51
2023-05-01,3770,50308.458,375
2023-05-01,3775,67077.709,508
2023-05-01,3777,127689.515,1229
2023-05-01,3778,3296.209,30
2023-05-01,3779,15517.651,114
2023-05-01,3781,28092.521,348
2023-05-01,3782,65650.777,708
2023-05-01,3783,29612.985,262
2023-05-01,3785,88.524,1
2023-05-01,3786,7572.432,108
2023-05-01,3787,3235.706,47
2023-05-01,3788,6090.577,96
2023-05-01,3789,1235.221,14
2023-05-01,3791,10607.66,106
2023-05-01,3792,10029.06,91
2023-05-01,3793,39684.838,354
2023-05-01,3795,28764.758,176
2023-05-01,3796,82480.907,838
2023-05-01,3797,46863.922,393
2023-05-01,3799,64017.266,646
2023-05-01,3802,1040.497,7
2023-05-01,3803,138210.942,740
2023-05-01,3804,184781.371,1019
2023-05-01,3805,1050251.513,6299
2023-05-01,3806,938079.458,5485
2023-05-01,3807,127601.608,818
2023-05-01,3808,48532.947,379
2023-05-01,3809,596567.172,2288
2023-05-01,3810,1071322.832,5612
2023-05-01,3812,46686.390999999996,257
2023-05-01,3813,15657.973,107
2023-05-01,3814,52989.943999999996,275
2023-05-01,3815,60700.93,388
2023-05-01,3816,70773.884,376
2023-05-01,3818,347247.964,2090
2023-05-01,3820,374810.91,2127
2023-05-01,3821,72101.303,434
2023-05-01,3822,17109.006,123
2023-05-01,3823,60062.449,344
2023-05-01,3824,109806.567,617
2023-05-01,3825,363243.169,2418
2023-05-01,3831,46306.082,326
2023-05-01,3832,8716.053,46
2023-05-01,3833,6338.304,44
2023-05-01,3835,17203.561999999998,57
2023-05-01,3840,297266.654,1710
2023-05-01,3842,89025.675,530
2023-05-01,3844,1191656.167,3187
2023-05-01,3847,54328.692,306
2023-05-01,3850,295826.359,1542
2023-05-01,3851,242832.934,1198
2023-05-01,3852,586.938,3
2023-05-01,3854,36572.16,199
2023-05-01,3856,31454.979,164
2023-05-01,3857,8382.543,61
2023-05-01,3858,103494.248,490
2023-05-01,3859,32053.006,117
2023-05-01,3860,174005.418,956
2023-05-01,3862,103410.72,525
2023-05-01,3864,5725.678,32
2023-05-01,3865,18456.29,92
2023-05-01,3869,49973.723,284
2023-05-01,3870,26801.088,207
2023-05-01,3871,58444.893000000004,421
2023-05-01,3873,10083.909,55
2023-05-01,3874,21351.221,125
2023-05-01,3875,538398.644,2673
2023-05-01,3878,59398.317,283
2023-05-01,3880,154196.56,769
2023-05-01,3882,43716.209,221
2023-05-01,3885,44709.08,301
2023-05-01,3886,12468.278,62
2023-05-01,3887,9884.718,47
2023-05-01,3888,104169.962,561
2023-05-01,3889,6209.305,35
2023-05-01,3890,6980.645,36
2023-05-01,3891,1262.067,16
2023-05-01,3892,42230.057,257
2023-05-01,3893,1033.979,4
2023-05-01,3895,4429.063,25
2023-05-01,3896,10077.119999999999,55
2023-05-01,3898,13269.057,73
2023-05-01,3900,4724.049,23
2023-05-01,3902,13153.213,71
2023-05-01,3903,25653.104,144
2023-05-01,3904,68771.889,365
2023-05-01,3909,247355.23,1353
2023-05-01,3912,321.379,5
2023-05-01,3922,373951.228,1871
2023-05-01,3923,29164.713,177
2023-05-01,3925,176381.286,794
2023-05-01,3945,31914.661,190
2023-05-01,3946,10804.785,58
2023-05-01,3950,100937.215,685
2023-05-01,3951,28147.609,162
2023-05-01,3953,175601.994,1032
2023-05-01,3954,9316.869,62
2023-05-01,3956,124962.481,731
2023-05-01,3957,8127.973,53
2023-05-01,3958,5190.323,34
2023-05-01,3959,55650.593,330
2023-05-01,3960,72610.467,512
2023-05-01,3962,21697.812,181
2023-05-01,3964,3853.114,28
2023-05-01,3965,11069.548,55
2023-05-01,3966,16762.904,83
2023-05-01,3967,5505.178,23
2023-05-01,3971,109270.163,631
2023-05-01,3975,457998.127,2502
2023-05-01,3976,417812.374,2589
2023-05-01,3977,2219952.058,11394
2023-05-01,3978,1664904.878,6105
2023-05-01,3979,10992.72,51
2023-05-01,3980,72215.395,488
2023-05-01,3981,144747.961,690
2023-05-01,3984,235628.569,1200
2023-05-01,3987,30452.902,230
2023-05-01,3988,24715.649,180
2023-05-01,3990,3773.975,19
2023-05-01,3991,13380.663,82
2023-05-01,3992,50013.337,234
2023-05-01,3995,354873.732,1902
2023-05-01,3996,223475.554,1241
2023-06-01,3064,364297.498,1479
2023-06-01,3074,223195.62900000002,1458
2023-06-01,3075,204573.023,1532
2023-06-01,3076,415891.081,2862
2023-06-01,3082,265967.694,2284
2023-06-01,3083,222732.69700000001,1892
2023-06-01,3085,20395.816,245
2023-06-01,3087,60392.361,623
2023-06-01,3088,173148.616,1992
2023-06-01,3089,105346.859,1111
2023-06-01,3090,28316.695,228
2023-06-01,3091,19154.636,200
2023-06-01,3093,22150.277,286
2023-06-01,3094,42248.748,630
2023-06-01,3095,145880.203,2177
2023-06-01,3096,14823.192,180
2023-06-01,3097,15195.679,177
2023-06-01,3099,40291.898,498
2023-06-01,3106,1436.409,17
2023-06-01,3111,10774.646,129
2023-06-01,3113,50310.098,763
2023-06-01,3114,21778.767,333
2023-06-01,3115,31031.368,365
2023-06-01,3116,120389.993,1071
2023-06-01,3132,566.451,3
2023-06-01,3133,2959.579,33
2023-06-01,3134,206255.451,2377
2023-06-01,3135,124394.561,1500
2023-06-01,3136,294397.217,3487
2023-06-01,3137,142853.927,1326
2023-06-01,3138,163939.548,1966
2023-06-01,3139,134959.558,1463
2023-06-01,3140,140915.144,1524
2023-06-01,3152,306562.553,2867
2023-06-01,3153,244217.704,1945
2023-06-01,3154,25394.828,365
2023-06-01,3155,158803.729,1851
2023-06-01,3156,337128.761,3690
2023-06-01,3158,28154.15,492
2023-06-01,3159,8865.832,200
2023-06-01,3160,42830.1,656
2023-06-01,3175,711.833,9
2023-06-01,3178,250526.438,2184
2023-06-01,3179,15928.098,174
2023-06-01,3180,95877.199,829
2023-06-01,3522,147.08,3
2023-06-01,3607,3110.857,27
2023-06-01,3608,61455.238,508
2023-06-01,3612,527.058,8
2023-06-01,3646,61.144000000000005,3
2023-06-01,3658,81378.734,873
2023-06-01,3659,13452.328,135
2023-06-01,3660,101151.773,1008
2023-06-01,3663,5494.369,39
2023-06-01,3664,22043.408,214
2023-06-01,3665,5349.225,67
2023-06-01,3666,73110.936,850
2023-06-01,3669,18882.221,235
2023-06-01,3670,8251.344,115
2023-06-01,3672,173146.653,1675
2023-06-01,3673,28434.5,331
2023-06-01,3675,38531.257,409
2023-06-01,3677,295706.805,2604
2023-06-01,3678,156713.029,1395
2023-06-01,3682,15016.971,120
2023-06-01,3683,28003.637,321
2023-06-01,3685,94857.457,579
2023-06-01,3687,26387.944,201
2023-06-01,3688,26778.287,255
2023-06-01,3690,616638.562,4628
2023-06-01,3691,288741.943,2034
2023-06-01,3695,9171.979,82
2023-06-01,3697,9235.158,129
2023-06-01,3698,17026.29,234
2023-06-01,3699,13360.391,156
2023-06-01,3700,29057.775,273
2023-06-01,3701,32602.086,242
2023-06-01,3704,362.755,4
2023-06-01,3705,5690.717000000001,49
2023-06-01,3707,33767.576,360
2023-06-01,3708,1599.435,16
2023-06-01,3709,4907.034,59
2023-06-01,3711,6391.084,110
2023-06-01,3712,5572.519,47
2023-06-01,3713,12805.855,180
2023-06-01,3714,43202.043,564
2023-06-01,3715,6705.864,59
2023-06-01,3717,48610.555,604
2023-06-01,3718,1002.193,12
2023-06-01,3719,7148.813,91
2023-06-01,3720,15926.815,157
2023-06-01,3722,133530.21,1053
2023-06-01,3723,52943.464,579
2023-06-01,3725,10339.059,103
2023-06-01,3726,8168.44,87
2023-06-01,3727,5395.954,57
2023-06-01,3728,415.798,3
2023-06-01,3730,655.062,6
2023-06-01,3732,11470.307,115
2023-06-01,3733,3178.084,42
2023-06-01,3735,10339.66,104
2023-06-01,3737,65079.249,692
2023-06-01,3738,3209.667,34
2023-06-01,3739,2538.7309999999998,37
2023-06-01,3740,14648.963,194
2023-06-01,3741,46909.356999999996,586
2023-06-01,3744,6511.4619999999995,81
2023-06-01,3746,6988.611,89
2023-06-01,3747,79890.058,947
2023-06-01,3749,38884.024,484
2023-06-01,3750,663801.504,2978
2023-06-01,3751,1486.548,9
2023-06-01,3752,283318.696,2193
2023-06-01,3753,106968.282,551
2023-06-01,3754,807800.471,5135
2023-06-01,3755,2621.344,25
2023-06-01,3756,219488.246,1776
2023-06-01,3757,121004.834,1083
2023-06-01,3758,21287.473,305
2023-06-01,3759,11022.853000000001,149
2023-06-01,3760,3564.988,49
2023-06-01,3761,13119.859,169
2023-06-01,3762,1026.788,16
2023-06-01,3763,15983.655999999999,236
2023-06-01,3764,112585.239,1142
2023-06-01,3765,41129.81,575
2023-06-01,3766,3859.264,92
2023-06-01,3767,1609.0339999999999,48
2023-06-01,3770,38122.871,376
2023-06-01,3775,52396.832,510
2023-06-01,3777,95611.395,1227
2023-06-01,3778,1729.5059999999999,31
2023-06-01,3779,10469.853,114
2023-06-01,3781,18665.695,349
2023-06-01,3782,43701.819,707
2023-06-01,3783,18708.415,258
2023-06-01,3785,30.596,1
2023-06-01,3786,4431.5289999999995,106
2023-06-01,3787,1740.683,47
2023-06-01,3788,3351.185,97
2023-06-01,3789,535.413,14
2023-06-01,3791,6767.557,107
2023-06-01,3792,6759.838,90
2023-06-01,3793,25388.29,353
2023-06-01,3795,16897.905,176
2023-06-01,3796,54512.121,836
2023-06-01,3797,34242.347,394
2023-06-01,3799,42992.266,641
2023-06-01,3802,673.189,7
2023-06-01,3803,107903.435,742
2023-06-01,3804,137347.535,1015
2023-06-01,3805,798515.485,6305
2023-06-01,3806,690239.595,5515
2023-06-01,3807,95448.76,834
2023-06-01,3808,33598.3,377
2023-06-01,3809,465639.709,2311
2023-06-01,3810,878657.594,5646
2023-06-01,3812,37448.809,255
2023-06-01,3813,11163.261,106
2023-06-01,3814,42482.476,277
2023-06-01,3815,48401.478,390
2023-06-01,3816,53716.229,376
2023-06-01,3818,262647.468,2093
2023-06-01,3820,273748.399,2146
2023-06-01,3821,51194.158,431
2023-06-01,3822,12578.072,124
2023-06-01,3823,44284.106,347
2023-06-01,3824,83714.304,622
2023-06-01,3825,268709.008,2426
2023-06-01,3831,34812.598,323
2023-06-01,3832,7109.884,48
2023-06-01,3833,4279.703,43
2023-06-01,3835,14215.931,59
2023-06-01,3840,220457.312,1718
2023-06-01,3842,67268.808,531
2023-06-01,3844,989899.589,3206
2023-06-01,3847,40928.829,306
2023-06-01,3850,228755.272,1551
2023-06-01,3851,191161.232,1204
2023-06-01,3852,491.416,3
2023-06-01,3854,27497.198,198
2023-06-01,3856,21618.218,165
2023-06-01,3857,5511.234,59
2023-06-01,3858,78325.031,492
2023-06-01,3859,23307.214,118
2023-06-01,3860,140318.431,964
2023-06-01,3862,80603.056,525
2023-06-01,3864,4284.514,31
2023-06-01,3865,14628.825,92
2023-06-01,3869,37344.61,284
2023-06-01,3870,19386.775,208
2023-06-01,3871,42528.93,422
2023-06-01,3873,7692.335,56
2023-06-01,3874,15799.755,124
2023-06-01,3875,431542.913,2672
2023-06-01,3878,44974.832,283
2023-06-01,3880,118815.388,775
2023-06-01,3882,34109.011,220
2023-06-01,3885,35157.865,298
2023-06-01,3886,10932.493,61
2023-06-01,3887,8461.201000000001,47
2023-06-01,3888,87149.949,558
2023-06-01,3889,4865.62,35
2023-06-01,3890,5406.083,36
2023-06-01,3891,920.72,16
2023-06-01,3892,31571.869,258
2023-06-01,3893,942.203,4
2023-06-01,3895,3666.353,25
2023-06-01,3896,7463.719,54
2023-06-01,3898,8604.027,72
2023-06-01,3900,3220.744,23
2023-06-01,3902,10649.85,71
2023-06-01,3903,21386.693,143
2023-06-01,3904,53143.859,363
2023-06-01,3909,200992.013,1357
2023-06-01,3912,248.458,5
2023-06-01,3922,285449.154,1878
2023-06-01,3923,22142.393,179
2023-06-01,3925,129268.743,798
2023-06-01,3945,23215.046,190
2023-06-01,3946,7267.621,58
2023-06-01,3950,70237.116,685
2023-06-01,3951,20079.258,161
2023-06-01,3953,133469.298,1037
2023-06-01,3954,6929.4529999999995,62
2023-06-01,3956,92457.293,736
2023-06-01,3957,6304.038,54
2023-06-01,3958,3947.717,36
2023-06-01,3959,42928.404,333
2023-06-01,3960,50188.075,516
2023-06-01,3962,16344.639,180
2023-06-01,3964,2887.08,29
2023-06-01,3965,7844.55,53
2023-06-01,3966,12608.03,83
2023-06-01,3967,3936.224,23
2023-06-01,3971,82800.247,630
2023-06-01,3975,348431.685,2517
2023-06-01,3976,323241.893,2596
2023-06-01,3977,1654773.786,11451
2023-06-01,3978,1284433.617,6176
2023-06-01,3979,8216.535,51
2023-06-01,3980,54279.442,492
2023-06-01,3981,117012.316,698
2023-06-01,3984,180633.109,1208
2023-06-01,3987,22044.913,228
2023-06-01,3988,18582.027000000002,180
2023-06-01,3990,3056.079,19
2023-06-01,3991,10014.422,82
2023-06-01,3992,38347.046,235
2023-06-01,3995,268269.416,1902
2023-06-01,3996,171059.859,1248
